"","V1","V2","V3","V4","V5","V6","V7","V8","V9","V10","V11","V12","V13","V14","V15","V16","V17","V18","V19","V20","V21","V22","V23","V24","V25","V26","V27","V28","V29","V30","V31","V32","V33","V34","V35","V36","V37","V38","V39","V40","V41","V42","V43","V44","V45","V46","V47","V48","V49","V50"
"tnk_1","CCL5","ACTB","NKG7","FTH1","GZMA","FTL","SRGN","SH3BGRL3","HCST","CCL4","IL32","ZFP36L2","OAZ1","CD52","CYBA","ARHGDIB","DDX5","CXCR4","TSC22D3","CST7","CD7","CD69","S100A4","ID2","CORO1A","ZFP36","VIM","PTPRC","JUNB","CD3D","DUSP1","KLF6","CLIC1","CD3E","EVL","RGS1","TRBC2","GZMB","JUN","CD74","IFITM2","PNRC1","ALOX5AP","CALM2","FOS","TXNIP","NEAT1","SRSF7","ANXA1","CD2"
"tnk_2","ACTB","FTH1","FTL","JUNB","SRGN","TSC22D3","ARHGDIB","IL32","SH3BGRL3","DDX5","CD3D","OAZ1","CD52","LTB","CXCR4","CD3E","FXYD5","S100A4","IL7R","KLF6","DUSP1","ZFP36L2","FOS","PTPRC","LAPTM5","VIM","CORO1A","TXNIP","JUN","CD2","LDHB","TRBC2","GMFG","CD37","ZFP36","NFKBIA","CD69","SAT1","TRAC","CD7","SRSF5","EIF3F","EIF4A2","PNRC1","CYBA","COX6C","ZFAS1","RAC2","RGS1","CALM2"
"tnk_3","PKM","ARPC1B","COTL1","IL2RG","CLIC1","PSMB9","S100A11","CKLF","S100A4","CD74","CTSC","CD2","PSMB3","BATF","DUSP4","LSP1","CYBA","TSPO","PSMB8","UCP2","TRAC","POMP","PRELID1","CAPZB","TNFRSF18","LCK","TXN","CORO1A","DBI","COX7A2","RAC2","CD3D","CARD16","COX6C","LDHA","TYMP","BST2","VAMP8","GNG5","HMGN1","PGK1","IFI27L2","HNRNPK","SEC61G","LGALS3","ARPC5","TRBC2","ARF6","IL32","ISG15"
"tnk_4","PTPRCAP","IFITM1","EZR","PNRC1","SLC2A3","CREM","REL","SMCHD1","CRIP1","TNFAIP3","CCNH","ELF1","SYTL3","CD55","PDE4B","NR4A2","MCL1","IL7R","EIF5","EML4","MBNL1","CSRNP1","ETS1","PIK3R1","FYN","SRSF7","TAGLN2","SMAP2","DNAJB1","AKAP13","ZNF331","LEPROTL1","PDCD4","MYADM","SQSTM1","DAZAP2","BRD2","PRRC2C","CD44","GNG2","PTPRC","RBM39","EPC1","NR3C1","RGCC","STK17B","ZFP36","KMT2E","FUS","PER1"
"tnk_5","STMN1","TUBA1B","H2AFZ","TYMS","PCNA","BLOC1S1","HMGN1","RAN","SNRPD1","CKLF","SIVA1","COTL1","ARPC5","CARHSP1","ARPC1B","POMP","LSM5","DBI","PKM","LDHA","COX6C","GSTP1","IDH2","CKS1B","MZT2A","PSMB9","PSMA4","SMC4","COX7A2","GNG5","HNRNPF","CALM2","ARPC4","PSMB3","CORO1A","ARF6","ARL6IP4","NDUFA13","LDHB","IFI16","HNRNPK","PRELID1","VIM","RAC2","OAZ1","CLIC1","TXN","CYBA","PGK1","SEC61G"
"tnk_6","IFITM1","GZMK","CD74","CST7","DNAJB1","DAZAP2","GIMAP4","CD3E","ITGB2","CCL4","FXYD5","HLA.DPA1","LAPTM5","CD8A","JUNB","CCL4L2","IER2","CD37","PTPRC","AHNAK","CD8B","RAC2","LCP1","HLA.DPB1","JUN","CD44","LIMD2","VIM","KLF6","CNN2","ZFP36","PSMB9","FOS","ARHGDIB","HLA.DRB1","ARHGEF1","LCP2","TAGAP","PARP8","LCK","LSP1","CORO1A","LDHB","HCLS1","EMP3","GPSM3","DDX5","CLIC1","NKG7","GZMM"
"tnk_7","TYROBP","FCER1G","FGFBP2","KLRF1","TRDC","FCGR3A","PLAC8","GNLY","TXK","AREG","MATK","SH2D1B","S1PR5","SPON2","CLIC3","IL2RB","ADGRG1","LAT2","FGR","CTSW","IFITM3","KLRC1","TTC38","XCL2","XCL1","BIN2","C1orf21","PLEK","CD300A","CMC1","MAP3K8","APMAP","CCND3","PRSS23","IGFBP7","MBP","ITGB1","PTGDR","FCRL6","CX3CR1","TNFRSF18","NCR3","AOAH","TMIGD2","LAIR2","TPST2","RIN3","KIR2DL4","EFHD2","ZAP70"
"tnk_8","CREM","RGCC","REL","MYADM","SLC7A5","ARL4A","CSRNP1","ATP1B3","KDM6B","RORA","STAT4","PLK3","FOSL2","RELB","NFKB2","ZNF331","AC058791.1","UBE2S","CHD1","ODC1","PIM3","NR4A3","TUBB4B","JMJD6","PDE4D","BHLHE40","NFKB1","PDCL3","CDKN1A","PDE4B","NFE2L2","AMD1","ATP2B1","TIPARP","CD83","TGFB1","EML4","NAMPT","PDE4A","PERP","ZFAND5","PPP1CB","PRNP","PLIN2","GPR65","PFKFB3","GPR183","SATB1","INSIG1","PHLDA1"
"tnk_9","KLRC2","ENTPD1","ITGA1","XIST","TRGC2","TRDC","IKZF3","SRGAP3","ARID1B","ANKRD11","UBALD2","ANKRD28","BPTF","GPR171","MXD4","SLFN5","TNRC6B","PRPF4B","IGHA1","VMP1","TLN1","KMT2A","SPRY1","ARPC4","POLR2J3","AAK1","PTPN22","BOD1L1","YPEL3","KIR2DL4","BLOC1S1","PTMS","GLS","PIP4K2A","CCND2","SSBP4","FAM3C","HAVCR2","MDM4","CEBPB","PTPRA","TRIM56","SOCS1","TTC14","CEBPD","TMIGD2","C1orf56","HNRNPH1","SAMD9","KLF13"
"tnk_10","JUND","IGKC","IGLC2","IGHA1","UBE2S","RGCC","GNAS","ARL4C","GPR183","CREM","KLF2","ANXA1","PNRC1","CD48","DUSP2","DDX24","FOSB","IGLC3","TUBB4B","CNOT6L","ZNF331","IL7R","PDCD4","PPP1CB","IGHA2","CYBA","FAM107B","AMD1","ATP1B3","SRSF7","DDX21","TRAC","EZR","RBM39","SMAP2","AAK1","CXCR4","ZFAS1","ZFP36L2","HNRNPH1","SOCS1","NEAT1","FAM133B","ELF1","ETS1","NR4A2","AC058791.1","LEPROTL1","PRRC2C","STK17A"
"tnk_11","IFITM1","GIMAP4","CNN2","DAZAP2","IFITM3","CCND3","SLC2A3","HIST1H4C","LCP2","ARHGEF1","ANXA1","HCLS1","TC2N","GPSM3","DENND2D","GIMAP7","FOSB","TAGAP","IER2","BTG2","ZAP70","FLT3LG","CD40LG","RBL2","CAMK4","FCMR","CCNH","ITK","PPP1R15A","AC016831.7","LIMD2","PHB2","DNAJB1","CD5","EIF3L","ARHGAP15","FKBP5","IL16","BRD2","LCP1","NR4A2","PTGER4","INPP4B","AHNAK","TBRG1","DDIT4","GADD45B","EML4","MBNL1","RAC2"
"tnk_12","FOXP3","TIGIT","BATF","CARD16","CTLA4","DUSP4","GBP5","TNFRSF18","IL2RA","LAIR2","TNFRSF4","TBC1D4","CTSC","HLA.DRB1","PMAIP1","HLA.DPA1","STAM","IKZF2","BTG3","HLA.DPB1","SLAMF1","RTKN2","PIM2","IL10RA","TNFRSF1B","IL2RB","CD27","GLRX","USP15","PRDM1","ARID5B","LAYN","SYNGR2","ACP5","PHLDA1","GBP2","PELI1","SKAP1","SELPLG","GK","FAS","HTATIP2","SQSTM1","NAMPT","CST7","PHTF2","ICA1","SH2D2A","PBXIP1","CASP1"
"tnk_13","IL6ST","ICA1","TIGIT","FKBP5","CD84","TBC1D4","LIMS1","TSHZ2","PASK","TOX","IKZF3","TCF7","SMCO4","SESN3","MAF","SESN1","ATM","NR3C1","PHACTR2","MAGEH1","CTLA4","PDCD1","SH2D1A","GLCCI1","FAM107B","IL6R","CXCL13","ADD3","BTLA","DGKA","GPRIN3","TMEM243","TIAM1","YPEL3","TNFSF8","SLC9A9","TLK1","ELMO1","MSI2","GIMAP7","LRMP","TGOLN2","CD200","ARAP2","PSIP1","THADA","IPCEF1","AKAP13","SYNE1","NKTR"
"tnk_14","CD40LG","CTSH","CAPG","KLRB1","GZMA","RBL2","TMIGD2","ALOX5AP","MGAT4A","FKBP11","CXCR6","LCP2","OSTF1","PTPRCAP","CCR6","CD6","THEMIS","OXNAD1","RORA","LGALS3","AQP3","CD96","SASH3","SLAMF1","PDE4D","SLC9A3R1","GYG1","FLT3LG","CISH","TSEN54","APBB1IP","RUNX2","CAMK4","LTB","EML4","MBNL1","ADAM19","FKBP5","CCDC107","CD5","BHLHE40","ERN1","IL26","TGFBR2","ATP2B4","IL23R","LPXN","PLEKHF1","STK17A","IL17A"
"tnk_15","NME1","PAICS","IMPDH2","MCM7","C1QBP","NPM3","MCM5","GINS2","STMN1","PCNA","TOMM40","APEX1","EEF1E1","HMGA1","MRPL11","ATIC","POLR2H","MRPL4","PRDX4","NOP56","FEN1","TRAP1","IMP4","CCT5","LYAR","SMS","LYRM4","SNRNP25","SHMT2","GGCT","ADSL","NUDT1","CENPH","IFRD2","HELLS","TYMS","DNMT1","SNRPA1","TMEM106C","MRPL13","EXOSC5","BZW2","DDX21","COPS3","DTYMK","MCM6","MRPS23","BOLA3","MRPS15","TKT"
"tnk_16","FOXP3","IL2RA","TNFRSF4","TBC1D4","GADD45A","IL1R2","RTKN2","PMAIP1","LAIR2","MAF","IKZF2","PHACTR2","TNFRSF9","LAPTM4B","IL1R1","CD4","AC133644.2","CUL9","CD28","ARID5B","MALT1","CD79B","TFRC","MAGEH1","DUSP16","ICOS","ICA1","LAYN","NAMPT","F5","ZNF292","MXD4","PIM2","STAM","POU2F2","ZC3H12D","SOX4","PRDM2","VDR","SERPINB9","HTATIP2","ATP13A3","GLRX","JUND","FANK1","CD27","RAB11FIP1","GK","RASGRP1","FRMD4B"
"tnk_17","BIRC5","CENPF","CDC20","ASPM","MKI67","CDKN3","CCNB2","UBE2C","CENPA","CCNB1","TROAP","TPX2","TOP2A","AURKB","DLGAP5","CCNA2","PLK1","GTSE1","NUSAP1","HMMR","CENPE","CDC25B","NUF2","HMGB3","MXD3","KPNA2","CDK1","CKS1B","CDCA8","MAD2L1","RACGAP1","KIF2C","AURKA","KIF22","CDCA3","UBE2S","CEP55","KIFC1","TUBA1C","CENPW","STMN1","KIF20B","TACC3","KNSTRN","PRC1","CKAP2L","CDKN2D","PIF1","CKS2","DTYMK"
"tnk_18","PTPRCAP","DNAJB4","RCSD1","BAG3","SESN1","GIMAP7","RHOB","GIMAP1","ERN1","GIMAP4","TGFBR2","YPEL3","GADD45B","PSIP1","SERPINH1","OXNAD1","CACYBP","ZFAND2A","CDC42EP3","MBNL2","MXD1","TNFAIP8","NR4A1","TNF","DENND2D","TRAF3IP3","MZT2A","DNAJA4","TTC39C","TXNIP","MDFIC","KCNA3","GIMAP5","LCP2","CCDC88C","SEMA4D","ABHD3","TC2N","SCML4","SERINC5","ID3","TAGAP","IL2RG","CAMK4","URI1","MBP","GBP5","CHCHD10","GRAMD1A","HNRNPL"
"tnk_19","KLRC3","SLA2","KIR2DL4","AOAH","ENTPD1","CD160","ITGA1","ZEB2","ITGAE","KLRC2","PDE4A","TMIGD2","GPR15","LAYN","TIGIT","ATP8B4","TNFRSF9","TNIP3","KLRD1","TRDV1","TRGV4","SSH1","IKZF2","HOPX","ASB2","AUTS2","ABCB1","SYTL2","LYN","PLPP1","CAPG","SLC1A4","MATK","CD101","DAPK2","SLC16A3","GZMB","GALNT2","PLCG2","FAM3C","CTSW","CHPT1","IRF4","NKG7","ATP8A1","ASXL2","RIN3","IL21R","ITGB7","CCDC69"
"tnk_20","CD79A","MEF2C","MS4A1","HLA.DRA","TCF4","DERL3","BANK1","MZB1","RALGPS2","SMIM14","HLA.DQA1","POU2AF1","VPREB3","HLA.DRB1","HLA.DQB1","BASP1","IGHM","MARCKS","FCRL5","GNG7","IRF8","ADAM28","POU2F2","TNFRSF13C","LYN","JCHAIN","TNFRSF17","HLA.DMA","IGHA2","MARCH1","SWAP70","COBLL1","CTSH","BLK","PHACTR1","AFF3","PLCG2","RRBP1","CD79B","TNFRSF13B","CLIC4","LY86","SEL1L3","PKIG","PDLIM1","SPINT2","BTK","CCDC88A","EAF2","HSH2D"
"tnk_21","ATAD5","TMEM106C","ATP13A3","ZNF688","CD79B","SLC35E3","ALYREF","BCAT2","POLR3K","BCKDHA","ANKRD26","ATP13A1","VDR","HAUS4","CD274","EIF4EBP1","TAF5","DPM2","NUDT2","AC133644.2","SLC43A3","TBL1X","HMG20A","COX10","HADH","GGCT","PEX3","CASP8AP2","MKKS","PARVB","RBFA","NMRAL1","WDR54","MCM7","RNASEH2A","DTYMK","PLGRKT","RDX","PFDN6","IL1R2","ALG3","INO80C","LY75","PXK","YIF1B","ABHD16A","MPDU1","DPP3","IFNGR2","TAF2"
"tnk_22","TYROBP","FCER1G","TRDC","TMIGD2","TNFRSF18","KRT86","KRT81","TXK","MPG","LAT2","CXXC5","SLC16A3","KLRB1","SH2D1B","KIR2DL4","CAPG","CTSW","S100A13","IL2RB","MATK","PHYKPL","SPRY1","SLC25A39","ZBTB16","KLRC1","BST2","STARD3NL","AREG","FES","HOPX","ENTPD1","ADGRG3","FUCA1","CCDC69","XCL2","B3GNT7","KLRC2","XCL1","PTPN6","CD164","PRMT9","GSTP1","SERPINB6","FGR","CCND2","GPR82","ITGB7","ID2","TGFB1","LST1"
"tnk_23","ASPM","CENPF","TPX2","DLGAP5","KIF11","GTSE1","CENPE","TOP2A","KIF23","HIST1H1B","HIST1H1D","CDCA8","CCNA2","CEP55","AURKB","HMMR","CKAP2L","NCAPG","CCNB2","NDC80","CDCA3","CENPA","RACGAP1","NUF2","MKI67","PRC1","CDCA2","HIST1H1C","MXD3","KIFC1","FAM111A","NCAPD2","CDKN3","HIST2H2AC","KIF2C","CDK1","BIRC5","ARHGAP11A","HIST1H1E","CDC20","TACC3","FANCI","UBE2C","CKAP2","NCAPH","PLK1","CCNB1","SHCBP1","BUB1B","FOXM1"
"tnk_24","AIMP2","YBX3","TRAP1","AIF1","NOP16","UCK2","EBPL","CLN6","RNASEH2A","HNRNPA1L2","PCCB","IL10RB","HMBS","MPI","MKKS","NANS","CENPV","MRPL45","NBEAL1","BDH1","GCSH","ANXA4","C11orf1","GEMIN7","DPP3","ARFIP2","MRPL19","PPIF","RASGRP2","GPX7","GOT2","HAUS4","POLR3H","NTPCR","DUS3L","GSTZ1","C20orf27","MRPL30","WDR77","ALG3","PSMG4","TIMM23","PRMT5","TACO1","ELMO1","RAD50","RNPEP","AAAS","APOL3","YIF1B"
"tnk_25","VPREB3","MS4A1","BANK1","CD79A","CD79B","MARCKS","MEF2C","BASP1","SMIM14","POU2AF1","IFI30","LY86","GNG7","MARCH1","POU2F2","IGHM","BTK","HLA.DMB","INSR","TNFRSF17","TNFRSF13C","TCF4","BLK","SPI1","EAF2","CPNE5","KCNN4","YBX3","COBLL1","DAPP1","IFNGR2","AIM2","ASB13","NPDC1","USP6NL","CTSH","P2RX5","KLF2","STAG3","NXPE3","ZNF581","DEF8","CLECL1","PPP1R16A","ST6GAL1","ANKZF1","HLA.DOB","GM2A","CD83","MFSD12"
"tnk_26","GZMK","CCL4L2","GPR183","LYAR","GADD45B","AHNAK","SERTAD1","TSPYL2","TC2N","MGAT4A","MYADM","TUBB4B","CCNH","EML4","ITK","NR4A1","CD6","CMC1","ITGB2","PDE4B","PARP8","SPOCK2","CD55","ZNF331","SLC2A3","IL7R","RORA","GIMAP4","LTB","SYNE2","CNOT6L","AMD1","EPC1","RGCC","TECR","SNHG12","LBH","TAGAP","PIK3R1","SMCHD1","IL10RA","TUBA1A","CSRNP1","STAT4","ITGA4","SLC38A1","CD27","HIST1H4C","PBXIP1","ZC3HAV1"
"tnk_27","GNLY","KLRC2","KLRD1","TRDC","GZMB","HOPX","ID2","GZMA","CD7","ENTPD1","CKLF","NKG7","TRGC2","BLOC1S1","ARF6","IGKC","TYROBP","CCL5","RGS1","CD52","ARPC4","CCL4","GPR171","CYBA","FCER1G","CCL3","TNFRSF18","HAVCR2","PRF1","ACTB","HCST","KLRB1","ALOX5AP","NDUFA13","ARPC1B","IL32","KLRC1","POLR2J3","COTL1","PRELID1","TRBC2","TMIGD2","SH3BGRL3","CTSW","KIR2DL4","HMGN1","FTL","ANKRD28","EVL","ZFP36L2"
"tnk_28","AQP3","CD40LG","PTPRCAP","CCR6","FLT3LG","CD4","PBX4","SLAMF1","TNFRSF25","CD5","AHR","CD82","PNP","TMEM173","ADAM19","RUNX2","GPRIN3","BHLHE40","CDKN1A","CTSH","CYTH1","SATB1","NFKB2","NFKB1","PHTF2","RELB","YIPF5","DGKA","DPP4","TNFSF13B","JAK3","TRAF1","PER1","BCL2","GOLGA8B","TNIP1","SPTAN1","SESN1","RGS14","ABLIM1","TGFBR2","PRNP","SF3A1","NUP98","HIF1A","CCR7","ICOS","DOCK10","TIMP1","PBXIP1"
"tnk_29","ELL2","NR4A3","KLRC3","IL21R","RELB","FBXO34","ATXN7","BCL3","IRF4","ZBTB1","NFKB1","KDM6B","DUSP5","CDK17","RASGEF1B","JMY","RBKS","RBM38","PLEKHA2","CCNT1","NUP98","NSMCE3","ANKHD1","PBX4","PRKX","RFTN1","INSIG1","KIR2DL4","TIPARP","DENND4A","PRDM2","ATP8A1","PPP1R16B","FOSL2","GPR15","PIM3","NFE2L2","KPNA2","AOAH","NDEL1","MALT1","HIST1H1E","PFKFB3","PLEKHB2","GABPB1","CDKN1A","P2RY10","RALGAPA1","NFKB2","SLC25A32"
"tnk_30","AQP3","CD40LG","CD82","FLT3LG","RUNX2","TNFRSF25","TMEM173","ARHGEF6","GIT2","CD4","PHTF2","GIMAP6","SLAMF1","DGKA","JAK3","SASH3","POLD4","SIT1","RGS14","GOLGA8B","INPP4B","FLI1","ADAM19","RCSD1","CTSH","PTDSS1","TRADD","CD5","ADAM10","TCIRG1","BHLHE40","PLEKHF1","TMC8","FERMT3","SYTL1","RGS19","MIS18BP1","CISH","DCAF7","PAG1","CCR6","PTPN6","SAMHD1","STARD3","GBP5","GRAP2","APEX1","BATF","ERN1","FDFT1"
"tnk_31","CREBRF","CNPY2","POLR2J3","TRIM56","ZNRF1","CTLA4","RBM26","CARS","CXCL13","PTPN18","ARID1B","BOD1L1","PURA","BRD7","MIAT","GLCCI1","UBALD2","SEL1L3","POLK","PPP1R35","CCL20","TBC1D2B","TNFSF13B","OAS1","SRGAP3","MAN1A1","YAF2","CD84","SUZ12","HEBP2","EPSTI1","GTF2H5","MAF","CEP85L","C19orf25","NCK2","CBX4","RASGRP1","EP300","S100PBP","WDR26","PLEKHO1","CPSF2","GPR155","PTPRA","DYNC1I2","COMMD3","GPR174","IER5","KLC1"
"tnk_32","CCR6","BCL3","ADAM19","ELL2","CD28","ZNF267","KLF3","SC5D","RELB","BAG3","AHR","NFKB2","ANKHD1","TNFRSF25","ADK","NR1D2","ATXN7","DENND4A","ETV3","MYBL1","TNFRSF4","AQP3","CRY1","ARRDC2","TRAF1","FBXO34","CD4","NDEL1","SPTY2D1","CCNT1","NFKB1","GNA13","ARHGEF7","MGAT5","ORAI1","MALT1","PNPLA8","SESN1","GOLGA8B","NUP98","RARA","CD83","ICAM2","ICOS","CCR7","TRAF4","SOD2","GPR132","PHTF2","MBNL2"
"tnk_33","KLRC3","CD160","RIN3","LAYN","AHI1","IRF4","DGKD","CHPT1","PAXBP1","SERTAD2","GPR35","KLRC2","LYN","HSH2D","PRKCA","AUTS2","CWC22","SLC16A3","METRNL","LATS1","RASGEF1B","XCL1","KIR2DL4","SKAP2","TXK","COQ10A","TRDV1","PLCG2","STAM","SSH1","RBKS","ZNF431","UAP1","TNFRSF9","FASLG","KANSL2","CHD7","USP53","SMIM10L1","CD83","RRBP1","SH2D1B","KDM3A","TMEM168","GPR15","DESI2","DENND4C","ATP8B4","SLAMF7","DUSP10"
"tnk_34","MYC","CFAP97","WWP2","YPEL2","GLCCI1","CEP85L","DAPK2","TTC7A","PGP","RAPGEF6","METAP1","TIFA","NRM","ASCC3","TESC","NCOA2","SUDS3","CHCHD5","NLRC3","NIPSNAP1","SMG7","IRF4","DZIP3","PSME4","FRAT2","KIFAP3","DESI2","NSD1","SUZ12","GRAMD1A","AUTS2","LRMP","CPNE3","STAMBP","CSTF2T","TCHP","STXBP2","CHD6","UBE2Q2","IL10RB","ETFDH","CKAP2","PHYH","CD84","MXD4","ATP11B","FKBP3","HADHB","ZNF106","RBM22"
"tnk_35","TYMS","SMC2","CKS1B","PCNA","MCM7","CCDC167","MCM5","STMN1","NUDT1","NME1","MKI67","USP1","NUSAP1","HELLS","PLEKHO1","LAT2","TOP2A","SKA2","CBX5","TMEM106C","NDFIP2","CDT1","BRD7","SMC4","DTYMK","CXXC5","CSF1","CENPF","MAD2L1","TIMM8B","POLR2J3","HAVCR2","DYNC1I2","MCM6","CARHSP1","RNPEPL1","CENPK","TSPAN5","YWHAH","EPSTI1","AKAP5","CNPY2","LMNB1","PHF19","KIF20B","TRIM56","TRDC","SRGAP3","ZNF683","XIST"
"tnk_36","GPR15","KLRC3","NR4A3","ELL2","TRGV4","HES4","LYN","IRF4","PTPRCAP","RBKS","IL21R","FBXO34","RELB","SLC1A4","PDE4A","SSH1","TRDV1","B3GNT7","UAP1","TNFRSF9","CD101","BCL3","ADAM28","GEM","STAM","AOAH","CDK17","MYO1E","THBS1","BACH1","MAP2K4","ATP8B4","PLPP1","ATP8A1","SYNGR1","PLCG2","SH2D1B","INSIG1","ASB2","CHN2","RAB22A","CCRL2","ZBTB1","ZNF410","RBM38","PELI1","DGKD","HIST1H1E","DUSP5","FBXO33"
"tnk_37","MS4A1","CD79A","VPREB3","IGHM","SMIM14","CD79B","BANK1","HLA.DQB1","MEF2C","TNFRSF13C","MARCH1","HLA.DQA1","HLA.DRA","POU2F2","BASP1","LY86","KLF2","IRF8","POLR2J3","HLA.DMB","PLAC8","ORAI2","BLK","IGLC3","HLA.DMA","ADAM28","RNASE6","NCF1","CD83","DRAM2","TCF4","JCHAIN","RALGPS2","FCMR","TNFRSF13B","LYL1","STX7","GNG7","PRKCB","SWAP70","POU2AF1","CTSH","IGHA1","SPIB","SELL","CD40","LYN","RIC3","CYBB","PKIG"
"tnk_38","IGHA1","IGKC","ANXA1","RGCC","GPR183","KLRB1","ID2","JUND","HNRNPH1","DUSP2","CD48","SNHG8","FOSB","NDUFA13","COTL1","ARF6","MZT2A","N4BP2L2","IER2","PPP1CB","UXT","ALOX5AP","CLEC2D","CKLF","ZFAS1","IL2RG","SEC61G","BTG2","AAK1","BIRC3","ISG15","KLF2","STK17A","IKZF1","EVI2B","HCST","CDC42SE2","CREM","CCNL1","ARPC1B","PIK3IP1","ACAP1","GIMAP7","KRT10","NDUFA3","TUBA1B","ARL4C","ARL6IP4","IGLC2","STK4"
"tnk_39","FOXP3","IL2RA","LAIR2","TNFRSF9","EFHD2","LAYN","ENTPD1","ACP5","GADD45A","IL2RB","GBP5","TYMP","HTATIP2","EPSTI1","CXCR6","PTTG1","GBP2","TBC1D4","NAMPT","IL1R2","SLAMF1","TNFRSF1B","HLA.DPA1","DUSP4","HLA.DRB1","RAB11FIP1","MAGEH1","PPM1G","GLRX","RTKN2","LYST","IKZF2","CCND2","CD82","ZNRF1","GALM","PMAIP1","CD79B","PIM3","STAM","SERPINB9","TXNDC17","APOBEC3G","CASP1","SYNGR2","SEC14L1","TNIP2","TFRC","AC133644.2","FAS"
"tnk_40","TP53INP1","GLS","UTRN","ARAP2","PHACTR2","KAT6B","BOD1L1","GLCCI1","MXD4","SLC9A9","SLC4A7","TRAPPC10","RAB11FIP1","MIS18BP1","DDX39B","PRRC2B","STAG2","ZC3H7A","CLINT1","MALT1","PRDM2","XRN1","ATF7IP","NAB1","IQGAP2","KAT6A","SESN3","NCOA7","CHD3","ZC3H12D","RAB21","IGHG4","PNPLA8","DDX3Y","VPS13C","PRKDC","CNST","GPRIN3","CENPC","OTULIN","SEMA4D","HELZ","SESN1","BIRC6","MAP3K2","UBR5","IGHG3","PHF3","AHI1","NIPBL"
"tnk_41","FLT3LG","PTPRCAP","CAMK4","RBL2","DENND2D","PSMB10","CD40LG","TBRG1","CD5","AQP3","IFITM3","TC2N","ZAP70","ABHD14B","IL16","FCMR","DGKA","SELPLG","INPP4B","CNN2","SLC9A3R1","OXA1L","PHB2","DEF6","POLD4","ARHGAP15","WAS","TAGAP","HMOX2","MAT2B","NDUFV1","CCR7","ARHGAP4","TMC8","SPSB3","GIMAP4","ANXA6","ARRB2","AUP1","MGAT4A","RCSD1","SIT1","LEF1","HIST1H4C","SYNGR2","AHNAK","SIGIRR","BIN2","PRMT2","EWSR1"
"tnk_42","FOXP3","LAIR2","ACP5","IL2RB","CD58","HLA.DRB1","DUSP4","GBP5","CXCR6","LAYN","NCF4","HLA.DPA1","PTTG1","IL2RA","CD82","SLAMF1","LYST","EPSTI1","ENTPD1","GALM","PRDX3","STAM","HLA.DMA","HTATIP2","HLA.DPB1","SYNGR2","SIRPG","HLA.DRA","HNRNPLL","CASP1","TYMP","PELI1","HLA.DRB5","NDFIP2","TNFRSF18","FAS","NUDT5","BTG3","PMAIP1","CXCR3","APOBEC3G","HLA.DQA1","SCAMP2","MAST4","PHLDA1","IKZF2","SELPLG","PHTF2","SASH3","FAM104A"
"tnk_43","MGAT5","GLS","INTS6","SKIL","MARCKSL1","UBE2S","MKNK2","PIP4K2A","CD226","HECA","GIMAP1","NCOA7","ATXN1","PREX1","ARID1B","AC058791.1","KMT2A","SESN1","IER5","TGFBR2","NIN","MAP3K4","IGLC2","CHD4","KLHL36","TP53INP1","RBMS1","IGLC3","PRR5","SERINC5","GTF2I","PRKCA","CCR4","TRIM44","SETX","EGR1","MYO9B","BOD1L1","DIAPH1","JARID2","PURA","REST","KLF13","THEMIS","KDSR","TERF1","ARAP2","MXD4","ANK3","AKAP17A"
"tnk_44","LAYN","TNFRSF9","LAIR2","GK","IL21R","IL1R2","IKZF2","STAM","CD79B","NCF4","IL2RA","HTATIP2","SEC14L1","ENTPD1","TRAF1","RFTN1","HLA.DMA","HLA.DQA1","MAST4","GRSF1","MAP1LC3A","CXCR3","MYO1G","CD58","PCED1B","CXCR6","ACP5","APOBEC3G","CUL9","PRDX3","FOXP3","CAPN2","UQCRC1","PTTG1","SASH3","NDFIP2","ILK","LYST","SRA1","PELI1","NEDD9","BCL2L1","MVP","FAM104A","SCAMP2","PSMC4","CDK6","NUDT5","LIMA1","GNA15"
"tnk_45","ZEB2","BOD1L1","MXD4","BRD7","RAB21","DNAJC21","SUZ12","KLF13","TMED8","OTULIN","PIP4K2A","MYO9B","TP53INP1","GLS","ZBTB1","PARP14","DDX39B","TRAPPC10","SPTY2D1","CDK13","BRD1","TAB2","ADNP","CEP350","PDE7A","ARL3","BRD9","SLK","GTF2I","ANKRD28","MARK3","STAG2","NFKB1","UBALD2","PTMS","ARID1B","MIB1","RBM26","KMT2A","IER5","CTSH","HDGF","VPS4B","RIF1","HECA","FAM120A","SETX","AP2B1","TOP2B","DDX52"
"tnk_46","TIPARP","MAP3K1","JMY","ZC3H12D","TGFBR2","DENND4A","SLC4A7","RBM38","NFKB1","RBM33","COPB1","DDX3Y","BOD1L1","KLF3","UTRN","IQGAP2","ARRDC2","PRRC2B","ARAP2","RIOK3","PPP3R1","RALGAPA1","OTULIN","DUSP5","ZNF267","CCR4","HIST1H1D","ERN1","ARHGEF7","ATF7IP","EP300","ABLIM1","MAP3K4","CDC14A","ADAM19","RASA2","PRKCQ","BAG3","B4GALT1","HEBP2","LEMD3","INSIG1","CDK12","CLINT1","MBP","PARP4","SPTY2D1","C1GALT1","XRN1","SETD2"
"tnk_47","PTPRCAP","FAAH2","RIC1","TIAM1","GK","CAMK2D","MGAT5","FOXN2","BTAF1","SYNE1","SLC9A9","TOX","LRMP","SESN1","NFATC1","CDK17","CCR4","MAN2A1","NFATC2","IL6R","TCF12","RELB","ACTN1","GABPB1","AHI1","TP53INP1","NUP98","DUSP5","ETV6","ITPKB","KLF12","BRWD1","EIF4G1","ZNF431","CCDC6","CXCR5","PNPLA2","MAPRE2","ANKHD1","ATP8A1","SMARCC2","ELMO1","SESN3","SMCO4","TNIK","PRRC2B","FBXO34","SLC25A36","RLF","ZBTB10"
"tnk_48","GNAQ","PTPN4","MARK2","FBXL17","NEK7","RAPGEF1","MAP3K1","SETX","CTSH","SPTBN1","CSNK1G3","TRRAP","CHD6","SFT2D2","SETD2","CHD9","GOLGA8B","YLPM1","IL18R1","ACSS1","DDX39B","KDSR","TAB2","MED13L","BOD1L1","TRIP11","KDM5C","TRAFD1","HELB","CDK13","CCPG1","MAP3K2","RSRC1","ARHGEF6","ATAD2B","REEP3","TOP2B","CLSTN1","PDXDC1","UBN1","KAT6A","ZFR","PHF8","FIP1L1","TXK","BAZ2B","XPO1","DCAF7","IGHG3","ACSL4"
"tnk_49","SLC35E3","CSGALNACT1","DNAJC10","TOR1AIP2","TRIM13","PI4KA","EIF4G3","APTX","SLC6A6","CPEB4","MKLN1","ZNF652","QKI","SUGP2","ARMCX6","ANAPC1","NAA50","PPIL3","ATXN2","MKNK2","DCUN1D1","NF1","RRBP1","PLEKHA3","MAP4K4","SMC6","ALDH3A2","NCOA1","CHD8","SPAST","ASB8","THAP6","GPATCH2L","LMBR1L","PDE7A","WDR26","MED13L","TRIM33","AHCTF1","MFSD6","IFT20","RTKN2","MAVS","ARHGAP5","GTPBP6","MSH3","DICER1","HDAC7","CBX5","RSRC1"
"tnk_50","CD40LG","TMIGD2","CTSH","CISH","IL26","DPP4","SMCO4","THEMIS","RUNX2","FLT3LG","FKBP11","ITGB7","TSEN54","STOM","HLA.DRB5","GLUL","MGAT4A","TGFBR2","PLEKHF1","TESC","BHLHE40","GADD45G","DAPK2","OASL","IFNG","ARHGEF3","MIR155HG","TNFSF14","LPCAT4","ADA","GZMH","FASLG","AQP3","ADAM19","ARHGAP18","PNP","RGL4","GRAP2","ARL3","CCR6","HOPX","CAMK4","F2R","NMRK1","NCR3","MAPKAPK3","SRGAP3","MBP","CLIC3","SCML4"
"tnk_51","FOXP3","LAIR2","TBC1D4","FCMR","SELL","CD28","IL2RA","GK","CSRNP1","FOSL2","ZNF331","RBM38","IL1R2","STAM","AC133644.2","PELI1","DUSP16","IKZF2","CD79B","CCR8","PER1","FRMD4B","LAPTM4B","MALT1","TNFRSF9","NCOA3","ZC3H12A","TNFRSF4","FBLN7","RELB","IL21R","ZBTB32","VDR","HBP1","CNST","GADD45A","ZC3H12D","IPCEF1","MAP1LC3A","PIM2","DUSP10","SATB1","AC017002.1","IRF4","IL6ST","STX11","HDAC7","CUL9","F5","PFKFB3"
"tnk_52","KLRD1","TRGC2","FOSB","GPR174","ITGA1","CD9","BCL2L11","RAB21","ARRDC3","CMIP","CD8B","CCL3","NBL1","TRG.AS1","CD8A","SNTB2","CLIC3","PIP4K2A","FAM102A","SRGAP3","CXCL13","FBXW7","RHOB","TAP2","SPRY1","IGHA1","MXD4","PPP3CA","ANKRD28","ZNF683","KIR2DL4","RAPGEF1","GNLY","NCK2","CWF19L2","GABPB1.AS1","C1orf56","PLEKHO1","MIAT","ZNF791","CREBRF","NFIL3","AGO2","TNRC6A","GFOD1","MIDN","KLRC1","ST3GAL5","TSHZ2","INTS6"
"tnk_53","AURKB","RAD51AP1","SAC3D1","KIFC1","FBXO5","GGH","MYBL2","GTSE1","CDCA3","PKMYT1","CCNA2","ESCO2","MXD3","UHRF1","CCDC34","PBK","CENPU","ORC6","MND1","RMI2","WDR34","MELK","TCF19","BIRC5","UBE2C","CENPH","CENPA","NCAPH2","ASPM","TEX30","CDCA4","RACGAP1","CCL3","KIF11","E2F1","KIF2C","WDR76","LIG1","TPX2","NCAPG","RFC3","CENPF","CDC45","DLGAP5","NDC80","CDKN3","CDCA8","FOXM1","CKAP2L","FANCI"
"tnk_54","UCK2","TRAP1","IFRD2","FXN","FARSB","ICAM2","GEMIN6","ARMC6","RRS1","SRD5A3","PTP4A3","CHAF1B","BAG2","EXOSC5","POLR3H","PAK1IP1","CTNNAL1","PES1","CENPP","IDH3A","CYB561A3","FAH","FAM111B","CRLS1","NOP16","SIGMAR1","NOLC1","RNASEH2A","YRDC","WDR4","AIMP2","NANS","CDC45","RRP1","NQO2","IL1R2","PCK2","STX11","STT3A","NPM3","C20orf27","ADAM15","MCFD2","ELAC2","C12orf45","WDR77","DDX11","ACOT13","UTP4","SFXN4"
"tnk_55","CCR8","MYBBP1A","CBWD5","TRAPPC5","XPO5","PAGR1","UCK2","AIMP2","RAVER1","EBI3","HILPDA","PCCB","NOP2","CDK7","CCDC86","UTP4","MSH5","ICAM1","PDCD2L","CBWD2","MMS19","CHST7","DARS2","GSTM1","GTF2H3","PRMT5","PTP4A3","TTLL12","ZNF410","PMM2","INTS9","CHERP","TP53BP2","GPHN","ZGPAT","BCKDHA","KRI1","SLC25A13","RMDN3","METTL6","PDCD11","MAN2B1","KNSTRN","EPAS1","MDN1","CLN3","MEMO1","GTF3C2","CCDC58","NFE2L3"
"tnk_56","RTKN2","CCR8","IL1R2","LAPTM4B","IKZF2","CUL9","FBLN7","RYBP","THADA","ICA1","FANK1","ZC3H12D","BACH1","CD177","NRIP1","F5","GCNT1","VDR","FNDC3B","SORL1","LY75","IL1R1","EPHX2","JMY","GPCPD1","TP53INP1","KDM6B","TULP4","YPEL2","EP300","LPP","EGLN1","ATP13A3","TIAM1","ADAT2","PTP4A3","CREB3L2","CREBRF","UGCG","KAT6B","MAP3K1","CASK","TRIB1","NCK2","CNST","TBC1D8","HS3ST3B1","UBASH3B","MAGEH1","EBI3"
"tnk_57","HAUS4","BCKDHA","RAD50","ABHD16A","TRAPPC5","CASP9","ST6GALNAC6","MAN2B1","RAVER1","UTS2","HIST1H2BK","AIFM1","ALDH3A2","NELFA","ZGPAT","CDK5","DHRS4","STAT6","PRRC1","TSHZ1","FASTKD1","NOP16","RAB3IP","RAB24","FAM199X","LPCAT1","CRTC2","MED16","SLC37A4","WDR37","ZBTB24","INTS5","TRAP1","SIGMAR1","ALAD","BNIP3","UBALD1","ACY1","PIGS","TKFC","RABEP2","DTD2","ARHGAP17","ZNF282","MRRF","ALAS1","C20orf27","RNASEH2A","JMJD8","NECAB3"
"tnk_58","TYROBP","S100A9","C1QA","C1QB","AIF1","FCER1G","APOC1","APOE","S100A8","LYZ","C1QC","SERPINA1","CXCL8","GLUL","CD68","SPI1","G0S2","SPP1","C15orf48","IL1B","PLAUR","FCGR2A","RNASE1","CD14","MNDA","BCL2A1","MS4A6A","LST1","MARCKS","LY96","TMEM176B","PLEK","FCGRT","IGSF6","MS4A7","IL1RN","GPNMB","CSF3R","FCGR3A","GSN","MMP12","IFITM3","CCL18","NCF2","SOD2","BASP1","CYBB","CXCL16","MAFB","CCL3"
"tnk_59","NEK2","PIF1","KNSTRN","PBK","CD8B","GPSM2","PRR11","TMEM71","FAM83D","TTK","AURKA","DLEU2","TROAP","CD8A","ARHGAP11A","HMMR","MXD3","DEPDC1B","KLRD1","ARHGAP11B","APOLD1","RCCD1","RNF26","ECT2","ITGA1","CKAP2L","HIST2H2AC","BUB1","KIF2C","REEP4","EMC9","SPDL1","SPC24","FOXM1","KIF11","SPAG5","CCNB1","KIF23","CDCA3","CDCA2","SAPCD2","CD84","CXCL13","G2E3","BORA","CCL3","PRC1","PLK1","HMGB3","NCAPH"
"tnk_60","HIST1H2AI","HIST1H2AJ","HIST1H2AG","ANKRD36B","HIST1H1B","HIST1H3B","NEIL3","PKMYT1","ESCO2","BUB1B","HIST1H2AH","DIAPH3","SKA3","HIST1H2AM","CEP152","C21orf58","RFWD3","MASTL","BRCA2","ATAD5","HIST1H2AL","MND1","UHRF1","MYBL2","HIST1H2BJ","PHF7","EDEM3","FANCD2","ANKRD36C","HIST1H3G","HIST1H3C","KIF18A","PLK4","CENPT","MELK","RNASEH2A","LIG1","ORC6","TNF","NRM","BRCA1","FANCI","BLM","CIT","NCAPG2","HIST1H2BH","PCNT","POLH","CDK16","APC"
"tnk_61","POMZP3","BCKDHA","HIST1H2AI","ACOT2","TBCE","CENPP","PAGR1","RNASEH2A","OIP5","CNOT10","CLASRP","TM9SF1","UTS2","PCCB","HIST1H2AJ","ARHGEF39","ZGPAT","MAN2B1","TCAF2","TANGO2","ABHD16A","CBWD2","EIF2AK3","INCENP","LEF1","C5orf51","SLC25A20","SHMT1","HAUS4","PLK4","SMG7","GTF2IRD2B","PIGN","UEVLD","KDM6A","GGT1","HACD1","C11orf54","NIF3L1","PXN","DSN1","ICAM2","FBLN7","HIST1H3B","TRAPPC5","ZC2HC1A","CSTF2","HARS2","SUFU","CHEK2"
"tnk_62","LEF1","TNFSF8","HOOK2","KLF3","FAAH2","ETV3","P2RY8","FOXN2","SLC39A8","RASGRP2","GPR132","LPAR2","ZNF410","AP3M2","CD40LG","ATXN7","KCNA3","CCR7","CCR4","HAUS3","NFATC1","RASA3","SH3TC1","MFSD11","MYBL1","BAG3","MPZL3","JCHAIN","MBNL2","DDX3Y","AGPAT5","NANS","ARRDC2","DPYD","MAP3K4","SESN3","PLAC8","MGAT5","KLF10","TESPA1","KDSR","PRKCA","MAL","SC5D","PKN2","ANKRD36B","ADSL","NDRG1","SLC7A6","ABCC1"
"tnk_63","RAPGEF1","MIAT","DOCK11","MXD4","UBALD2","LYRM1","DYNC1I2","CCM2","DNAJC21","ZBTB44","PAPSS1","CCDC167","MPHOSPH9","COMMD8","FKBP3","NSF","WDR26","IGHA1","ABHD13","PDS5B","TTC7A","ME2","METTL5","PDLIM2","TEX264","YIF1B","TRG.AS1","MRPS12","TRIM33","ZBTB8OS","AEBP2","IGKC","C1orf122","EXOC5","TIMM8B","MYO1F","ACAT2","CBX5","GPATCH2L","ACSL4","XAF1","DNAJA4","MYSM1","RUNX1","PKN1","TDP2","CCNG2","COX19","ZNRF1","FAM120A"
"tnk_64","ZNF827","SPINT2","CEP57L1","BTLA","CXCR5","GGCX","HIST1H2AC","PIKFYVE","ANKRA2","TBC1D17","MYO1E","ASAP1","STAT2","SCML1","PHC1","PSAT1","CEP170","TRPT1","TSC22D1","SLC40A1","ZNF134","THADA","ZNF518A","PI4KB","ETFDH","ICA1","CASP9","TBC1D2B","BAZ2B","MAGEH1","ZNF682","HSD17B4","TFDP2","SDCCAG8","CCNG2","DBR1","EXOC5","IARS","CD200","CHI3L2","SMCO4","USP37","RNF14","ALG5","NR2C1","CRTAM","PREPL","IREB2","LINC00649","MARS"
"tnk_65","KIR2DL4","CD160","MATK","TNIP3","METRNL","AUTS2","TRGC2","CCL4L2","ATP8B4","AKAP5","XCL2","CLIC3","AOAH","SLAMF7","GZMH","KLRC3","LAYN","CD101","XIST","TMEM39A","OASL","SYNGR1","RBBP8","PLCG2","THBS1","SKI","HLA.DRB5","IL12RB2","GALC","CHPT1","GALNT2","RIN3","ODF3B","CCR5","HSH2D","KIF3A","CD8B","SLC1A4","TESC","CEBPD","FASLG","KLRD1","A1BG","EXOSC9","RBM18","GNLY","VPS41","PMEPA1","SPRY1","CD151"
"tnk_66","CD274","PPARG","MICAL2","IL1R1","MAPK6","HS3ST3B1","CCR8","CCNG2","QKI","NCR3","WDTC1","HAVCR2","SNAP47","LYRM4","RDX","APOL3","EIF4EBP1","TMEM64","TMEM242","LAIR2","ZC2HC1A","TSC1","CPPED1","DENND3","FOXP3","GRPEL2","RFK","KDM5D","SOX4","ATP6V1C1","NCDN","TMEM204","TMEM41B","MFHAS1","KAT2B","PKIA","HMGCR","TMED8","GGT1","WDR44","CDKN2A","ZNF282","DPP4","CASP7","ATP13A3","TAF1B","DLG1","ZNRF1","MCAM","HIF1AN"
"tnk_67","ZNF226","FBXO32","ZNF101","CHI3L2","IRF9","CD79A","SMCO4","ANAPC7","SRGAP3","GABPB2","STX7","IL6R","CISD1","NUP107","AC016831.7","LINC00239","ACOT13","TSHZ2","SGK1","ACSF3","CDKN2C","GABPB1.AS1","IGKC","IGHA1","WDR73","SLAMF6","CD84","CDK5R1","ZC3H6","PASK","COMMD3","RBM43","BTLA","AKAP7","CNPY2","VPS33A","CREB3L2","NSMCE2","TBC1D2B","TMEM238","GPR155","ITPKB","NOC3L","CSAD","CD79B","SHPRH","ORC3","ZNF609","TRAPPC2","SH2D3C"
"tnk_68","GZMH","FNDC3B","AAAS","MED23","FASLG","RBM19","AKTIP","TP53INP2","CD101","METRNL","TRIB1","DDI2","TRGV3","POLR3D","MZB1","TLK2","SLAMF7","CASK","CD160","MED24","ATP13A3","CRYZL1","SLC39A9","ZNF675","SPATS2L","SPATA5","MRPL2","RABGEF1","ZXDC","TMEM39A","TYK2","IKBIP","TRAPPC6B","TRGC2","GPANK1","ESF1","CHAMP1","CHPF","UBR3","C2CD3","FCHSD1","ANKIB1","CADM1","OASL","CTNNA1","TYW3","PRPS2","NCOR2","NCK2","MAVS"
"tnk_69","E2F6","FAM118B","EPB41L2","ARFIP1","KCNK5","TNS3","BCL6","SLC25A25","ZMAT5","GPR137","NOC3L","MYO1E","SH2D3A","YEATS2","GGCT","MVK","ABHD15","KANSL3","ETS2","MDP1","FOCAD","IMMP1L","GTDC1","DHRS1","FANCF","COQ9","SMURF2","DDX11","FAM219B","HMBOX1","HMBS","CHM","EHMT2","ATXN7L2","C11orf54","NAT9","CANT1","GABPA","C9orf85","RASSF7","TBC1D14","BBS7","WDTC1","RANBP6","C18orf21","SLC39A4","LRIG1","ZNF79","TBL1X","TRIB1"
"tnk_70","APP","DCUN1D4","DAGLB","ZFP64","NUP155","SURF6","ZMAT1","GALE","CASP9","BRCA2","METTL4","TSC22D1","NUDT18","PIGN","SUFU","SSBP2","BPNT1","METTL22","SH3BP5","GMPPA","SAMD12","ARMC6","TMEM189","AP1AR","SETDB1","ZMIZ2","ACYP1","HPS4","EHMT2","SDCCAG8","MASTL","PEX6","RASA4","ZNF562","RNF214","NHLRC3","VRK1","ACSL1","LTBP4","CD79A","KCNK6","MBIP","SEC23IP","DPH1","ITGB3BP","METTL2B","TRIM41","ACSF3","GTF2H2C","CDKL2"
"tnk_71","GALE","MPP1","QDPR","GEMIN7","SIAH1","SLC43A3","STRADA","CDT1","TKFC","TAF5","CALHM2","MCM4","UBE2T","HAUS5","MECR","TIMM21","FHOD1","INO80C","PLAGL1","C11orf54","CLEC7A","SARS2","BCAT2","EXOSC5","SEC22A","SGSH","SHQ1","BDH1","CCDC92","RITA1","ALG1","CD274","PUDP","SUV39H2","PIGK","GINS2","SLC22A18","TRUB2","LDAH","C9orf85","SPATA20","MEGF9","LMF1","MYBBP1A","ABCD1","NEMP2","CC2D1A","APOBR","OAS3","NFKBIL1"
"tnk_72","THEMIS2","ZNF397","MEF2C","RASGRP3","CD79A","COBLL1","APPL2","BASP1","FCRL5","FAM49A","ST6GALNAC4","SEMA7A","HEMK1","ALOX5","SYK","CBX4","SLAMF7","TCF4","TNS3","GNG7","STAP1","C11orf71","EIF2AK4","RHBDD1","GPR180","LYN","NEIL1","HIST1H2BN","ZNF275","HHLA3","CYHR1","SPNS1","CDK5RAP1","THOC1","PDK1","POU2AF1","ADAM28","POFUT2","PKIG","GM2A","CPNE5","QPCT","MED26","TSPAN13","IGHM","ZNF165","IRF9","TEP1","PPP1R3E","MS4A1"
"tnk_73","MKI67","NTHL1","CDK1","CCNE1","CDC45","C11orf21","FANCI","DNA2","FANK1","RRM2","DSCC1","GTSE1","SFXN2","ESCO2","CCNA2","LLGL1","PCTP","CLSPN","STIL","SASS6","C16orf95","DIAPH3","WDYHV1","IL1RL1","AURKA","PKMYT1","CENPE","CLCC1","EBI3","ZBTB14","MAD2L1","NUP35","CDKN3","LINC00539","KMT5A","BRCA1","TPX2","RRP1","FIGNL1","AKIP1","TJP2","CENPW","POLR3H","UHRF1","HIST1H2AI","IFT88","BRPF1","CARD17","ENDOD1","HMMR"
"tnk_74","SH2D1B","TRGC1","S100A13","KRT81","CD160","KRT86","FUCA1","ZBTB16","KLRC1","TFF3","CD9","GPR82","TXK","GPR34","UBASH3B","PLPP1","PDLIM7","C1orf56","RMI2","CYTH4","SLFN13","NUDT14","CSF1","SERPINB6","ADGRG3","XCL2","UNG","P2RY11","TP53","CDIP1","DENND6B","LAYN","CLIC3","HPGD","IMMP1L","CYB5A","FASLG","MATK","TCEAL8","ATP8B4","AGR2","GFOD1","BID","SNX10","NHLRC3","PRNP","SRGAP3","CHD9","NBL1","TRGC2"
"tnk_75","CCDC6","PAXIP1","TMEM87B","CXCL13","THOC1","CHN1","NLRC5","MICAL2","DOT1L","HERC2","NPAT","CD27","KLRC4","STAT2","GPR183","TBC1D4","BCL11B","NCK2","C3orf38","ZEB1","ZFC3H1","RAB3GAP2","RBL1","RRBP1","OAS2","HUS1","AP3B1","NAT14","PKN2","PAG1","TRMU","AKT3","MAML2","ZCCHC2","CTLA4","RBM33","HIST1H1B","STIL","MSC","ZCCHC3","ACSL4","CDC7","MYO7A","MGAT4A","TNFRSF9","KIF21A","DPP8","RNF38","EPC2","NRDE2"
"tnk_76","CCDC93","TM9SF1","RELB","PER1","PFKFB3","KDM6B","PTPRCAP","CSRNP1","GPCPD1","NDEL1","GMDS","NIPSNAP1","RILPL2","AP3B1","PRKRIP1","ABHD2","ARID2","MLH1","FAS","NR4A3","USP42","RALGAPA1","TIMM23","C18orf32","HIST1H2AG","C2orf69","IFITM3","IRAK4","SOCS3","OSBPL9","FCMR","AGPAT5","ZNF302","KLRC3","MYO1E","ABHD18","ALDH16A1","LAS1L","BRD8","TMEM68","CCDC174","TMBIM1","UMAD1","MLLT3","GSK3B","ELMO1","GTDC1","MED15","SLC10A3","STK16"
"tnk_77","RUNX2","SESN3","TMEM263","TNIK","RALGAPA1","JMY","ARHGEF7","KDM6B","PER1","ELL2","STRADA","IRS2","DGKA","PRR11","PFKFB3","GFPT1","PCNT","ARNTL","PBX4","LCOR","ZZEF1","ARFGEF1","ANKHD1","PIGK","TRIM25","BRD1","UFSP2","F2R","KIAA0232","VCAM1","RAPGEF6","TNFRSF9","BTAF1","CRTAM","MEF2A","INCENP","RNF38","TNFSF4","CDK16","PNPLA8","ZNFX1","SEC23B","CCDC6","UBASH3A","ITPR2","ZFC3H1","HIST1H2AG","YLPM1","POLD4","NCOA2"
"tnk_78","FARSB","FXN","CCNE1","DHRS13","PDK3","LARP1B","PUS1","BAG2","HIST1H2AH","YARS2","TMEM209","MDN1","FUCA2","METTL1","TBRG4","GPALPP1","PPAT","YBX3","CCDC86","GRPEL2","REEP3","CDCA7L","CRNKL1","TRIP13","TIMM23","PRMT7","NEK9","EXOSC5","CHAF1B","THEM4","MRPS27","NFE2L1","GSTZ1","ALAS1","POLR3D","SYMPK","SRFBP1","ADPRHL2","PTRH1","FBXO45","AIFM1","CPPED1","EXOSC2","SLC25A40","PM20D2","BATF3","GRWD1","CDC6","CSTF2","ALG3"
"tnk_79","INF2","ATAT1","DPF3","RIPK1","ZMYM6","TMEM106A","SFXN3","TP53INP1","GDAP2","TMCO4","CREBRF","CD40LG","ZADH2","ELK3","SKI","STX7","TNRC6A","FADS2","LILRB1","TMEM185A","MARCH2","ZNF140","LINC00649","RANBP6","ADAL","RHOQ","GMIP","NSMAF","SORL1","ABCA2","NR2C2","ZNF512","CHST2","ZBP1","PRRC1","SEC16A","VPS50","FEM1A","AIM2","ZNF831","DTHD1","APH1B","MARK4","RBM27","TSC22D2","VRK2","LMO7","LIG3","LAX1","MLLT1"
"tnk_80","BATF3","WDR4","BCAT1","GPX7","GNA15","HIST1H2AL","CCDC86","PDSS1","ORC1","UCK2","POLR3H","HMBS","PUDP","SHQ1","HAUS4","GSTZ1","BYSL","MYB","EXO1","PRMT5","SARS2","DHX33","MCAT","PUSL1","XPO5","BAG2","SEH1L","SLC29A1","SLC35F2","PTPRCAP","CBWD2","NLE1","MRPL45","FXN","CDK7","BDH1","KCNN4","DPH2","SLC25A33","IL2RA","ATAD3B","DNA2","HEATR1","UTP4","ATAD3A","MLST8","LANCL1","DUS3L","PSAT1","SFXN4"
"tnk_81","MAN2C1","IFI44L","AGO4","KDM5D","ABCA2","ADGRG1","RHBDF2","TNK2","STMN3","ERN1","TSC22D1","ZNF432","CYP4F22","IFI44","TSHZ2","ZFYVE16","ZNF480","ZBTB4","ZNF513","SARDH","ING4","IGHA2","KLHL24","LRIG2","MAST3","GZMK","HCG18","MARK4","TSPYL4","KCNQ1OT1","FBXO31","ZNF701","UNKL","RGL2","QPCT","LAX1","SCAP","HERC3","NAT9","ATG16L1","THEMIS2","SYNJ1","DUSP18","ASTE1","TMEM102","METTL6","FCHSD2","SERPINH1","FBXO32","PI4KA"
"tnk_82","ZNF790","TNFSF13B","TSPAN31","LST1","KDM3A","IFT74","PLEKHM2","KAT2B","SEMA4A","UVSSA","CD14","SGTB","TSC22D1","ADAL","HNRNPA1L2","ZNF831","ARMCX5","CPT2","PANK1","CCDC102A","GPR107","MIR181A1HG","CHN1","SAP25","NPHP3","ZNF268","RECQL5","YIPF1","CCDC144A","PIGB","TTC7B","ZNF85","P2RY8","TMEM63A","ZFPM1","SC5D","FTO","LY96","MORN2","MAN2A2","SEC31B","MYL5","DNAJA4","PDP1","SNTB1","PIGN","WDR25","PPME1","FCHSD2","ASRGL1"
"tnk_83","CD40LG","KCNQ1OT1","ZNF574","LINC00467","SERPINH1","FRAT2","ALG12","HECTD4","GGACT","FBXO32","ATG4C","KDM5D","KLRG1","FAM193B","VCL","ERO1B","CCDC144A","MSC","LRRC8B","ELL2","GAN","ZNF420","YEATS2","ARMC7","ERF","TUBB2A","ZNF821","ACSL6","GALK2","PIK3R5","HPS6","PIGA","LINC00239","PTBP2","LINC00528","SNN","ZNF48","LYRM9","ZBTB45","CPPED1","SPATA2L","RCE1","SLC25A51","COL6A3","RTP4","GM2A","SLC37A3","PITRM1","B3GAT1","TIAM1"
"tnk_84","IL1R2","TXNRD2","ALG11","ADTRP","L3MBTL3","S1PR1","TRIM47","FAM216A","NSUN4","TAMM41","TBC1D14","HYAL3","NSDHL","EMILIN2","TRIT1","FSCN1","OSGEPL1","POP1","SPRYD4","DEF8","IL1R1","GCAT","SH3TC1","DPH6","INF2","RSPH3","TNFRSF8","NEURL1","MAP3K14","PUS7","WARS2","AP4S1","RASA3","EAF2","DUS4L","LXN","ZBTB32","MED20","ZBED4","TBL2","LGMN","NUDCD1","NARS2","PI4K2B","EIF3C","DBT","IL23R","GPD1L","OPN3","CXorf21"
"tnk_85","MS4A1","VPREB3","CD79A","MEF2C","SMIM14","MARCH1","LY86","BASP1","BANK1","TNFRSF13C","IRF8","TCF4","SPIB","BLK","POU2AF1","SWAP70","RNASE6","IGHM","SPI1","ADAM28","CD79B","RGS13","SCIMP","PDLIM1","RALGPS2","STAG3","MARCKS","PKIG","HVCN1","GNG7","HLA.DOB","PHACTR1","CYBB","BTK","SYK","LYL1","CD72","CD40","SH2B2","TNFRSF17","HHEX","NEIL1","COBLL1","CLIC4","RASGRP3","MS4A7","CPNE5","HLA.DOA","CLECL1","BIK"
