,tnk_1,tnk_2,tnk_3,tnk_4,tnk_5,tnk_6,tnk_7,tnk_8,tnk_9,tnk_10,tnk_11,tnk_12,tnk_13,tnk_14,tnk_15,tnk_16,tnk_17,tnk_18,tnk_19,tnk_20,tnk_21,tnk_22,tnk_23,tnk_24,tnk_25,tnk_26,tnk_27,tnk_28,tnk_29,tnk_30,tnk_31,tnk_32,tnk_33,tnk_34,tnk_35,tnk_36,tnk_37,tnk_38,tnk_39,tnk_40,tnk_41,tnk_42,tnk_43,tnk_44,tnk_45,tnk_46,tnk_47,tnk_48,tnk_49,tnk_50,tnk_51,tnk_52,tnk_53,tnk_54,tnk_55,tnk_56,tnk_57,tnk_58,tnk_59,tnk_60,tnk_61,tnk_62,tnk_63,tnk_64,tnk_65,tnk_66,tnk_67,tnk_68,tnk_69,tnk_70,tnk_71,tnk_72,tnk_73,tnk_74,tnk_75,tnk_76,tnk_77,tnk_78,tnk_79,tnk_80,tnk_81,tnk_82,tnk_83,tnk_84,tnk_85
V1,CCL5,ACTB,PKM,PTPRCAP,STMN1,IFITM1,TYROBP,CREM,KLRC2,JUND,IFITM1,FOXP3,IL6ST,CD40LG,PAICS,FOXP3,CENPF,PTPRCAP,KLRC3,CD79A,ATAD5,TYROBP,ASPM,AIMP2,VPREB3,GZMK,GNLY,AQP3,ELL2,AQP3,CREBRF,CCR6,KLRC3,MYC,TYMS,GPR15,MS4A1,IGHA1,FOXP3,TP53INP1,PTPRCAP,FOXP3,MGAT5,LAYN,ZEB2,TIPARP,PTPRCAP,GNAQ,SLC35E3,CD40LG,FOXP3,KLRD1,AURKB,UCK2,CCR8,RTKN2,HAUS4,TYROBP,NEK2,HIST1H2AI,POMZP3,LEF1,RAPGEF1,ZNF827,KIR2DL4,CD274,ZNF226,GZMH,E2F6,APP,GALE,THEMIS2,MKI67,SH2D1B,CCDC6,CCDC93,RUNX2,FARSB,INF2,BATF3,MAN2C1,ZNF790,CD40LG,IL1R2,MS4A1
V2,ACTB,FTH1,ARPC1B,IFITM1,TUBA1B,GZMK,FCER1G,SLC7A5,ENTPD1,IGKC,IFITM3,TIGIT,ICA1,CTSH,NME1,IL2RA,BIRC5,DNAJB4,SLA2,MEF2C,TMEM106C,FCER1G,CENPF,UCK2,MS4A1,CCL4L2,KLRC2,CD40LG,NR4A3,CD40LG,CNPY2,BCL3,CD160,CFAP97,SMC2,KLRC3,CD79A,IGKC,IL2RA,GLS,FLT3LG,LAIR2,GLS,TNFRSF9,BOD1L1,MAP3K1,FAAH2,PTPN4,CSGALNACT1,TMIGD2,LAIR2,TRGC2,RAD51AP1,TRAP1,MYBBP1A,CCR8,BCKDHA,S100A9,PIF1,HIST1H2AJ,BCKDHA,TNFSF8,MIAT,SPINT2,CD160,PPARG,FBXO32,FNDC3B,FAM118B,DCUN1D4,MPP1,ZNF397,NTHL1,TRGC1,PAXIP1,TM9SF1,SESN3,FXN,ATAT1,WDR4,IFI44L,TNFSF13B,KCNQ1OT1,TXNRD2,CD79A
V3,NKG7,FTL,COTL1,EZR,H2AFZ,CD74,TRDC,RGCC,ITGA1,IGHA1,GIMAP4,BATF,FKBP5,CAPG,MCM7,TNFRSF4,ASPM,RCSD1,KIR2DL4,HLA.DRA,ATP13A3,TRDC,TPX2,TRAP1,BANK1,GPR183,KLRD1,PTPRCAP,KLRC3,CD82,POLR2J3,ADAM19,RIN3,WWP2,CKS1B,NR4A3,VPREB3,KLRB1,LAIR2,UTRN,CAMK4,ACP5,INTS6,LAIR2,MXD4,JMY,RIC1,MARK2,DNAJC10,CTSH,TBC1D4,FOSB,SAC3D1,IFRD2,CBWD5,IL1R2,RAD50,AIF1,KNSTRN,HIST1H2AG,HIST1H2AI,HOOK2,DOCK11,CEP57L1,MATK,MICAL2,ZNF101,AAAS,EPB41L2,DAGLB,QDPR,MEF2C,CDK1,S100A13,TMEM87B,RELB,TMEM263,CCNE1,DPF3,BCAT1,AGO4,TSPAN31,ZNF574,ALG11,VPREB3
V4,FTH1,TSC22D3,CLIC1,PNRC1,TYMS,DNAJB1,TXK,REL,XIST,IGLC2,DAZAP2,CTLA4,TIGIT,KLRB1,IMPDH2,TBC1D4,CDC20,BAG3,AOAH,MS4A1,ZNF688,TMIGD2,KIF11,NOP16,CD79A,GADD45B,TRDC,CCR6,IL21R,FLT3LG,TRIM56,ELL2,LAYN,YPEL2,PCNA,ELL2,IGHM,GPR183,TNFRSF9,ARAP2,RBL2,IL2RB,SKIL,GK,BRD7,ZC3H12D,TIAM1,FBXL17,TOR1AIP2,CISH,FCMR,GPR174,KIFC1,FXN,TRAPPC5,LAPTM4B,ABHD16A,FCER1G,PBK,ANKRD36B,ACOT2,KLF3,MXD4,BTLA,TNIP3,IL1R1,CHI3L2,MED23,ARFIP1,ZFP64,GEMIN7,RASGRP3,CCNE1,KRT81,CXCL13,PER1,TNIK,DHRS13,RIPK1,GPX7,KDM5D,LST1,LINC00467,ADTRP,MEF2C
V5,FTL,SRGN,CKLF,SLC2A3,PCNA,CST7,AREG,AC058791.1,TRGC2,UBE2S,SLC2A3,CARD16,CD84,GZMA,GINS2,GADD45A,MKI67,SESN1,ENTPD1,TCF4,CD79B,TNFRSF18,DLGAP5,PCCB,CD79B,SERTAD1,GZMB,FLT3LG,RELB,RUNX2,ZNRF1,CD28,AHI1,GLCCI1,MCM7,TRGV4,SMIM14,JUND,EFHD2,PHACTR2,TBRG1,CD58,MARCKSL1,IL21R,RAB21,TGFBR2,GK,NEK7,TRIM13,IL26,SELL,ITGA1,FBXO5,FARSB,XPO5,IKZF2,TRAPPC5,S100A8,CD8B,HIST1H1B,TBCE,FAAH2,UBALD2,CXCR5,METRNL,MAPK6,IRF9,FASLG,KCNK5,NUP155,SIAH1,CD79A,CDC45,CD160,THOC1,PFKFB3,RALGAPA1,PDK3,ZMYM6,GNA15,ABCA2,KDM3A,SERPINH1,L3MBTL3,SMIM14
V6,SRGN,SH3BGRL3,S100A4,CREM,CKLF,DAZAP2,KLRF1,MYADM,TRDC,GNAS,CNN2,DUSP4,TBC1D4,RBL2,MCM5,IL1R2,CCNB2,RHOB,CD160,HLA.DQA1,SLC35E3,KRT86,GTSE1,HAUS4,MARCKS,AHNAK,HOPX,CD4,FBXO34,TNFRSF25,CTLA4,ZNF267,IRF4,CEP85L,CCDC167,HES4,HLA.DQB1,HNRNPH1,LAYN,KAT6B,DENND2D,HLA.DRB1,UBE2S,IL1R2,DNAJC21,DENND4A,CAMK2D,RAPGEF1,PI4KA,DPP4,CD28,CD9,GGH,ICAM2,PAGR1,CUL9,CASP9,C1QB,GPSM2,HIST1H3B,CENPP,ETV3,LYRM1,GGCX,AUTS2,HS3ST3B1,CD79A,RBM19,TNS3,SURF6,SLC43A3,COBLL1,C11orf21,KRT86,CHN1,KDM6B,JMY,LARP1B,TMEM106A,HIST1H2AL,ADGRG1,IFT74,FRAT2,S1PR1,Mar-01
V7,SH3BGRL3,JUNB,PSMB9,CRIP1,HMGN1,HLA.DPA1,SH2D1B,ARL4A,IKZF3,RGCC,CCND3,GBP5,LIMS1,TMIGD2,PCNA,RTKN2,CDKN3,GIMAP7,ITGA1,RALGPS2,ALYREF,KRT81,HIST1H1B,ANXA4,MEF2C,LYAR,ID2,PBX4,IRF4,TMEM173,RBM26,KLF3,DGKD,DAPK2,MCM5,LYN,CD79B,ID2,ENTPD1,BOD1L1,CD40LG,DUSP4,MKNK2,IKZF2,SUZ12,SLC4A7,MGAT5,MAP3K1,EIF4G3,SMCO4,IL2RA,BCL2L11,MYBL2,GEMIN6,UCK2,FBLN7,ST6GALNAC6,C1QA,PRR11,NEIL3,PAGR1,P2RY8,DYNC1I2,HIST1H2AC,TRGC2,CCR8,SMCO4,AKTIP,BCL6,ZMAT1,STRADA,APPL2,FANCI,FUCA1,NLRC5,PTPRCAP,ARHGEF7,PUS1,SFXN3,CCDC86,RHBDF2,PLEKHM2,ALG12,TRIM47,BASP1
V8,GZMA,ARHGDIB,S100A11,SMCHD1,RAN,CD3E,XCL1,RORA,ARID1B,ARL4C,LCP2,TNFRSF18,PASK,ALOX5AP,STMN1,PMAIP1,UBE2C,GIMAP1,ZEB2,DERL3,BCAT2,TXK,CENPE,NANS,BASP1,TSPYL2,GZMA,SLAMF1,BCL3,ARHGEF6,CARS,SC5D,CHPT1,TTC7A,STMN1,IRF4,MEF2C,ANXA1,ACP5,GLCCI1,IFITM3,GBP5,PIP4K2A,STAM,KLF13,RBM38,FOXN2,SETX,APTX,THEMIS,GK,RAB21,GTSE1,ARMC6,AIMP2,RYBP,MAN2B1,LYZ,TMEM71,PKMYT1,RNASEH2A,FOXN2,CCM2,PIKFYVE,CCL4L2,CCNG2,ANAPC7,TP53INP2,SLC25A25,GALE,CDT1,BASP1,DNA2,ZBTB16,MICAL2,CSRNP1,KDM6B,BAG2,TP53INP1,PDSS1,TNK2,KAT2B,HECTD4,FAM216A,LY86
V9,HCST,IL32,IL2RG,REL,BLOC1S1,GIMAP4,KLRC1,CSRNP1,SRGAP3,GPR183,HIST1H4C,LAIR2,IKZF3,MGAT4A,TYMS,MAF,CENPA,ERN1,ITGAE,MZB1,POLR3K,MPG,HIST1H1D,DPP3,SMIM14,MGAT4A,CD7,TNFRSF25,ATXN7,GIT2,CXCL13,RELB,PAXBP1,PGP,NUDT1,PTPRCAP,HLA.DQA1,RGCC,GADD45A,MXD4,PSMB10,CXCR6,CD226,CD79B,TMED8,NFKB1,BTAF1,CTSH,SLC6A6,RUNX2,CSRNP1,ARRDC3,CDCA3,RRS1,RAVER1,THADA,RAVER1,GLUL,FAM83D,ESCO2,OIP5,SLC39A8,DNAJC21,ANKRA2,ATP8B4,QKI,SRGAP3,CD101,ZMAT5,CASP9,TKFC,FCRL5,FANK1,KLRC1,DOT1L,GPCPD1,PER1,HIST1H2AH,GDAP2,ORC1,STMN3,SEMA4A,GGACT,NSUN4,BANK1
V10,IL32,CD3D,CD2,TNFAIP3,SIVA1,CCL4,FCGR3A,KDM6B,ANKRD28,CREM,FOSB,IL2RA,TOX,CXCR6,FEN1,LAIR2,CCNB1,GIMAP4,KLRC2,HLA.DRB1,BCKDHA,LAT2,TOP2A,HMBS,POU2AF1,TUBB4B,ENTPD1,CD5,ZBTB1,CD4,PTPN18,BAG3,SERTAD2,RAPGEF6,NME1,RBKS,BANK1,FOSB,IL2RB,SLC9A9,CD5,LAYN,HECA,NCF4,OTULIN,RBM33,SYNE1,SPTBN1,CPEB4,FLT3LG,FOSL2,CMIP,PKMYT1,SRD5A3,EBI3,ICA1,UTS2,C1QC,TTK,BUB1B,CNOT10,RASGRP2,ZBTB44,TBC1D17,AKAP5,NCR3,GABPB2,METRNL,GPR137,BRCA2,TAF5,FAM49A,RRM2,TFF3,HERC2,NDEL1,ELL2,YARS2,TMCO4,UCK2,ERN1,UVSSA,FBXO32,TAMM41,TNFRSF13C
V11,CCL4,DDX5,BATF,CCNH,SNRPD1,FXYD5,GNLY,ATP1B3,UBALD2,PNRC1,ARHGEF1,TNFRSF4,SESN1,LCP2,C1QBP,IKZF2,TROAP,TGFBR2,TMIGD2,HLA.DQB1,ANKRD26,CXXC5,CEP55,BDH1,IFI30,TC2N,CKLF,AHR,NFKB1,PHTF2,ARID1B,AHR,GPR35,METAP1,MKI67,IL21R,HLA.DRA,SNHG8,GBP5,SLC4A7,ZAP70,NCF4,GIMAP1,IL2RA,PIP4K2A,COPB1,SLC9A9,CSNK1G3,MKLN1,FKBP11,ZNF331,CD8B,CCNA2,PTP4A3,HILPDA,FANK1,HIST1H2BK,G0S2,AURKA,HIST1H2AH,CLASRP,GPR132,PAPSS1,MYO1E,XCL2,WDTC1,STX7,TRIB1,NOC3L,METTL4,CALHM2,ST6GALNAC4,DSCC1,CD9,NPAT,GMDS,STRADA,TMEM209,CREBRF,POLR3H,TSC22D1,CD14,ATG4C,TBC1D14,SPIB
V12,ZFP36L2,OAZ1,CTSC,SYTL3,ARPC5,JUNB,LAT2,STAT4,GPR171,FOSB,HCLS1,HLA.DRB1,SMCO4,FKBP11,APEX1,PHACTR2,TOP2A,YPEL3,GPR15,BANK1,ATP13A1,SLC16A3,KIF23,DUS3L,LY86,MYADM,NKG7,CD82,DUSP5,GIMAP6,BOD1L1,NFKB2,KLRC2,TIFA,USP1,FBXO34,TNFRSF13C,DUSP2,TYMP,TRAPPC10,AQP3,HLA.DPA1,NCOA7,HTATIP2,MYO9B,DDX3Y,TOX,TRRAP,ZNF652,ITGB7,RBM38,CCL3,ESCO2,CHAF1B,PCCB,ZC3H12D,AIFM1,CXCL8,DLEU2,DIAPH3,TM9SF1,LPAR2,CCDC167,ASAP1,CLIC3,HAVCR2,IL6R,DDI2,MYO1E,TSC22D1,MCM4,SEMA7A,GTSE1,GPR82,CD27,NIPSNAP1,IRS2,MDN1,CD40LG,HMBS,ZNF432,SGTB,KDM5D,HYAL3,TCF4
V13,CD52,CXCR4,CD74,ELF1,COTL1,LAPTM5,KLRC3,PDE4D,ANKRD11,KLF2,TAGAP,HLA.DPA1,MAF,OSTF1,MCM2,IL1R1,TPX2,GADD45B,PDE4A,SMIM14,VDR,KLRB1,CDCA8,YBX3,GNG7,CCNH,TRGC2,PNP,KDM6B,SLAMF1,PURA,ANKHD1,LYN,NRM,NUSAP1,RELB,Mar-01,CD48,HTATIP2,RAB11FIP1,TC2N,PTTG1,ATXN1,SEC14L1,TP53INP1,BOD1L1,LRMP,CHD6,QKI,TSEN54,IL1R2,NBL1,MXD3,BAG2,NOP2,BACH1,ALDH3A2,SPI1,TROAP,SKA3,UTS2,ZNF410,MPHOSPH9,STAT2,AOAH,SNAP47,CISD1,TRGV3,SH2D3A,NUDT18,UBE2T,HEMK1,SFXN2,TXK,KLRC4,RILPL2,DGKA,FUCA2,ZADH2,PUDP,CYP4F22,TSC22D1,KLRG1,NSDHL,IRF8
V14,TSC22D3,KLF6,TNFRSF18,PDE4B,POMP,ITGB2,KIR2DL4,FOSL2,BPTF,DDX24,BTG2,TBC1D4,CTLA4,PTPRCAP,POLR2H,LAPTM4B,AURKB,PSIP1,LAYN,POU2AF1,HAUS4,SH2D1B,NCAPG,MPI,Mar-01,NR4A1,BLOC1S1,TMEM173,CDK17,DGKA,BRD7,TNFRSF25,HSH2D,ASCC3,HELLS,SLC1A4,POU2F2,NDUFA13,EPSTI1,MIS18BP1,ABHD14B,IL2RA,PREX1,ENTPD1,GLS,KLF3,SESN1,SFT2D2,SUGP2,STOM,STAM,TRG.AS1,UHRF1,EXOSC5,CDK7,CD177,NELFA,C15orf48,CD8A,HIST1H2AM,PCCB,AP3M2,COMMD8,SCML1,SLAMF7,LYRM4,NUP107,POLR3D,YEATS2,PIGN,HAUS5,ALOX5,ESCO2,GPR34,STAT2,AP3B1,PRR11,METTL1,ELK3,SHQ1,IFI44,ADAL,FAM193B,EMILIN2,BLK
V15,OAZ1,DUSP1,PSMB3,CD55,DBI,CD8A,PLAC8,ODC1,SLFN5,IGHA2,IER2,CTSC,TSHZ2,CCR6,MRPL4,TNFRSF9,CCNA2,SERPINH1,TIGIT,BASP1,CD274,KIR2DL4,CCNA2,TIMM23,POU2F2,EML4,ARF6,ADAM19,RBKS,JAK3,MIAT,ADK,PRKCA,TESC,PLEKHO1,PDE4A,BASP1,ARF6,CXCR6,DDX39B,FCMR,CD82,ARID1B,TRAF1,ZBTB1,UTRN,NFATC1,SETD2,ARMCX6,HLA.DRB5,AC133644.2,CD8A,CCDC34,POLR3H,CCDC86,NRIP1,ZGPAT,CD68,ARHGAP11A,CEP152,HIST1H2AJ,CD40LG,FKBP3,PHC1,GZMH,RDX,AC016831.7,MZB1,GGCT,SUFU,MECR,SYK,CCNA2,UBASH3B,GPR183,PRKRIP1,PFKFB3,TBRG4,SKI,HAUS4,TSHZ2,HNRNPA1L2,VCL,TRIT1,POU2AF1
V16,CXCR4,CD3E,DUSP4,IL7R,CARHSP1,IER2,IL2RB,PLK3,MXD4,TUBB4B,ANXA1,PMAIP1,SESN3,CD6,PRDX4,CD4,DLGAP5,OXNAD1,ATP8B4,VPREB3,EIF4EBP1,CAPG,HMMR,GOT2,IGHM,ITK,IGKC,RUNX2,RASGEF1B,SASH3,GLCCI1,NR1D2,AUTS2,NCOA2,LAT2,SSH1,LY86,N4BP2L2,PTTG1,PRRC2B,DGKA,SLAMF1,AC058791.1,RFTN1,PARP14,IQGAP2,CDK17,CHD9,ANAPC1,GLUL,PELI1,SNTB2,PBK,PAK1IP1,UTP4,F5,CDK5,APOE,HMMR,C21orf58,ARHGEF39,ATXN7,NSF,PSAT1,KLRC3,APOL3,LINC00239,TLK2,MVK,SSBP2,TIMM21,CBX4,LLGL1,PLPP1,TBC1D4,ABHD2,GFPT1,GPALPP1,STX7,GSTZ1,ZFYVE16,ZNF831,ERO1B,FSCN1,SWAP70
V17,CD69,IL7R,LSP1,MCL1,LDHA,HLA.DPB1,TMIGD2,RELB,IGHA1,CD48,GPSM3,STAM,PHACTR2,OXNAD1,EEF1E1,MALT1,PLK1,CACYBP,TNFRSF9,MARCKS,TAF5,S100A13,CCNB2,POLR3H,BTK,CD6,TYROBP,GPRIN3,JMY,POLD4,UBALD2,DENND4A,CWC22,SUDS3,TOP2A,TRDV1,HLA.DMB,MZT2A,GBP2,STAG2,SELPLG,LYST,KMT2A,HLA.DMA,DDX39B,ARRDC2,CCR4,GOLGA8B,NAA50,MGAT4A,DUSP16,CLIC3,CENPU,CTNNAL1,MSH5,GCNT1,DHRS4,SERPINA1,MXD3,RFWD3,ZGPAT,KCNA3,WDR26,CEP170,LAYN,EIF4EBP1,ACOT13,SLAMF7,ABHD15,BPNT1,FHOD1,SLAMF7,PCTP,PDLIM7,BCL11B,ARID2,PCNT,PPAT,TNRC6A,BYSL,ZNF480,ARMCX5,CCDC144A,OSGEPL1,RNASE6
V18,CD7,CD52,CYBA,NR4A2,LSM5,PTPRC,IFITM3,TUBB4B,VMP1,DUSP2,TC2N,IKZF2,NR3C1,THEMIS,TRAP1,CD28,NUSAP1,ZFAND2A,TNIP3,IGHM,DPM2,CTSW,AURKB,ARFIP2,HLA.DMB,PDE4B,CCL5,BHLHE40,PLEKHA2,SIT1,SEL1L3,ETV3,SLC16A3,CHCHD5,SKA2,B3GNT7,IRF8,COTL1,TBC1D4,ZC3H7A,POLD4,EPSTI1,SESN1,HLA.DQA1,TRAPPC10,PRRC2B,MAN2A1,YLPM1,PPIL3,TGFBR2,IKZF2,PIP4K2A,ORC6,PES1,ICAM1,VDR,STAT6,FCGR2A,DEPDC1B,MASTL,MAN2B1,CCR7,IGHA1,TRPT1,CD101,TMEM64,TSHZ2,CASK,KANSL3,METTL22,INO80C,TCF4,CLSPN,C1orf56,NCK2,MLH1,ARNTL,YBX3,FADS2,MYB,ZBTB4,CPT2,MSC,POP1,IGHM
V19,ARHGDIB,S100A4,PSMB8,EIF5,COX6C,CD37,TNFRSF18,UBE2S,SPRY1,CNOT6L,DENND2D,HLA.DPB1,CXCL13,RORA,MRPL11,TFRC,GTSE1,CDC42EP3,KLRD1,HLA.DMA,NUDT2,SPRY1,CKAP2L,MRPL45,INSR,PARP8,RGS1,CDKN1A,NUP98,RGS14,POLK,ATXN7,METRNL,NLRC3,CBX5,UAP1,KLF2,IER2,NAMPT,CLINT1,INPP4B,ENTPD1,IER5,MAST4,SPTY2D1,ARAP2,NFATC2,IL18R1,ATXN2,PLEKHF1,CD79B,FAM102A,MND1,CENPP,PDCD2L,FNDC3B,PRRC1,SPP1,KLRD1,BRCA2,TCAF2,CCR4,ABHD13,TSC22D1,XIST,TMEM242,SGK1,CD160,ETS2,SH3BP5,PLAGL1,TNS3,STIL,RMI2,C3orf38,FAS,PBX4,CCDC86,LILRB1,EXO1,ZNF513,PANK1,LRRC8B,SPRYD4,SPI1
V20,CYBA,FOS,UCP2,EML4,PKM,CCL4L2,XCL2,PDCL3,PRPF4B,ANXA1,CCNH,BTG3,PDCD1,LGALS3,TMEM106C,CUL9,CENPE,MBNL2,TRDV1,FCRL5,AC133644.2,PHYKPL,NDC80,FASN,TNFRSF17,CD55,CD52,CTSH,CCNT1,GOLGA8B,PPP1R35,MYBL1,LATS1,NIPSNAP1,TMEM106C,TNFRSF9,POLR2J3,CKLF,IL1R2,MALT1,IL16,GALM,TGFBR2,MAP1LC3A,CDK13,RIOK3,IL6R,DDX39B,MKNK2,TESC,CCR8,SRGAP3,RMI2,IDH3A,CBWD2,SORL1,TSHZ1,MNDA,ARHGAP11B,ATAD5,TANGO2,HAUS3,PDS5B,SLC40A1,TMEM39A,LAIR2,ACSF3,MED24,MDP1,GMPPA,C11orf54,GNG7,SASS6,CYTH4,ZEB1,NR4A3,LCOR,GRPEL2,TMEM185A,PRMT5,SARDH,CCDC102A,ELL2,DEF8,ADAM28
V21,DDX5,LTB,POMP,MBNL1,ARPC1B,RAC2,MATK,NR4A3,TNRC6B,IL7R,ZAP70,SLAMF1,ATM,CD96,MCM6,DUSP16,HMMR,MXD1,TRGV4,IRF8,SLC43A3,IL2RB,RACGAP1,PPIF,TNFRSF13C,SPOCK2,ARPC4,CYTH1,RBM38,INPP4B,CCL20,TNFRSF4,RASGEF1B,SMG7,NDFIP2,CD101,HLA.DMA,PPP1CB,SLAMF1,PRDM2,PHB2,PRDX3,NIN,GRSF1,BRD1,PPP3R1,TCF12,ACSS1,DCUN1D1,BHLHE40,PER1,CXCL13,WDR34,CYB561A3,MMS19,LY75,FASTKD1,IL1B,APOLD1,HIST1H2AL,ABHD16A,NFATC1,TTC7A,ZNF134,OASL,ZC2HC1A,CDKN2C,ATP13A3,FOCAD,SAMD12,CLEC7A,STAP1,C16orf95,SLFN13,ZFC3H1,USP42,ZZEF1,REEP3,Mar-02,SARS2,ING4,GPR107,GAN,IL1R1,CD79B
V22,CD3D,FXYD5,TSPO,ETS1,GSTP1,AHNAK,FGFBP2,PDE4A,TLN1,AC058791.1,ITK,RTKN2,GLCCI1,AQP3,ATIC,ARID5B,CDC25B,NR4A1,SSH1,GNG7,TBL1X,SLC25A39,CDCA3,MRPL19,TCF4,ITGB2,CCL4,SATB1,PBX4,FLI1,TBC1D2B,AQP3,XCL1,IRF4,CDT1,BCL3,ORAI2,UXT,TNFRSF1B,XRN1,SLC9A3R1,STAM,MAP3K4,MYO1G,TAB2,RALGAPA1,RELB,KDSR,NF1,GADD45G,FRMD4B,FBXW7,MELK,FAH,CHST7,IL1R1,NOP16,PLAUR,RCCD1,MND1,CBWD2,RASA3,ME2,THADA,SYNGR1,TSC1,GABPB1.AS1,CRYZL1,IMMP1L,ARMC6,SARS2,C11orf71,DIAPH3,NUDT14,RAB3GAP2,RALGAPA1,ARFGEF1,CDCA7L,ZNF140,DHX33,IGHA2,MIR181A1HG,ZNF420,GCAT,RGS13
V23,DUSP1,PTPRC,CAPZB,CSRNP1,COX7A2,LCP1,CLIC3,PFKFB3,KMT2A,PDCD4,AC016831.7,PIM2,MAGEH1,SASH3,NPM3,AC133644.2,NUF2,TNFAIP8,IKZF2,TNFRSF13C,HMG20A,ZBTB16,NUF2,SEC61A1,BLK,CMC1,GPR171,NFKB2,NSMCE3,ADAM19,TNFSF13B,CRY1,KIR2DL4,DZIP3,BRD7,ADAM28,PLAC8,CLEC2D,HLA.DPA1,ATF7IP,DEF6,HLA.DMA,IGLC2,CXCR3,ADNP,OTULIN,ACTN1,TAB2,RRBP1,DAPK2,LAPTM4B,RHOB,TCF19,FAM111B,DARS2,EPHX2,RAB3IP,MARCKS,RNF26,UHRF1,EIF2AK3,SH3TC1,METTL5,ZNF518A,RBBP8,CPPED1,IGKC,SLC39A9,GTDC1,TMEM189,BCAT2,EIF2AK4,WDYHV1,CSF1,RBL1,TIMM23,ANKHD1,CRNKL1,LINC00649,MCAT,KLHL24,CHN1,YEATS2,SH3TC1,SCIMP
V24,ZFP36,TXNIP,COX7A2,PIK3R1,PSMB9,CD8B,MAP3K8,NFKB2,ARPC4,SMAP2,PPP1R15A,IL2RB,TCF7,SLAMF1,SNRNP25,CD79B,MXD3,TNF,HOPX,POU2F2,COX10,MATK,CENPA,YIF1B,SPI1,IL7R,CYBA,NFKB1,ANKHD1,RCSD1,OAS1,TRAF1,SKAP2,PSME4,SMC4,GEM,BLK,ALOX5AP,DUSP4,NAB1,CNN2,HTATIP2,CHD4,CD58,CEP350,DUSP5,GABPB1,MED13L,PLEKHA3,OASL,MALT1,TAP2,BIRC5,CRLS1,GSTM1,JMY,RAB24,BCL2A1,ECT2,MYBL2,INCENP,MFSD11,PDLIM2,PI4KB,PLCG2,DENND3,IGHA1,ZNF675,DHRS1,AP1AR,EXOSC5,RHBDD1,IL1RL1,SERPINB6,RRBP1,C18orf32,PIGK,TRIP13,RANBP6,PUSL1,LRIG2,SAP25,ARMC7,DPH6,PDLIM1
V25,RGS1,ZFP36L2,LCK,SMAP2,GNG5,JUN,CTSW,PERP,AAK1,ETS1,CD40LG,IL10RA,GPRIN3,PDE4D,SHMT2,ICOS,HMGB3,DENND2D,ASB2,ADAM28,HADH,KLRC1,HIST1H1C,SEH1L,EAF2,ZNF331,FCER1G,PHTF2,PRKX,CTSH,SRGAP3,ARRDC2,TXK,FRAT2,DTYMK,STAM,ADAM28,ZFAS1,HLA.DRB1,IQGAP2,OXA1L,HLA.DPB1,KLHL36,PCED1B,PDE7A,ZNF267,AHI1,BOD1L1,MAP4K4,IFNG,TNFRSF9,SPRY1,UBE2C,NOP16,GTF2H3,GPCPD1,FAM199X,APOC1,ITGA1,HIST1H2BJ,LEF1,MYBL1,TEX264,ETFDH,THBS1,FOXP3,WDR73,SPATS2L,FANCF,SETDB1,SEC22A,GPR180,AURKA,ADGRG3,OAS2,HIST1H2AG,TRIM25,TIMM23,ADAL,XPO5,MAST3,NPHP3,ERF,INF2,RALGPS2
V26,ID2,JUN,PRELID1,FYN,CALM2,HLA.DRB1,NCR1,CD83,KIR2DL4,AMD1,RBL2,TNFRSF1B,TNFSF8,SLC9A3R1,IMP4,LAYN,CDK1,TRAF3IP3,AUTS2,IGHA2,GGCT,ENTPD1,MKI67,GCSH,CPNE5,SLC2A3,CCL3,RELB,KIR2DL4,PTDSS1,MAN1A1,CD4,COQ10A,KIFAP3,CXXC5,AOAH,IGLC3,IKZF1,RAB11FIP1,KAT6A,TAGAP,SYNGR2,TP53INP1,CXCR6,ARL3,CCR4,TP53INP1,TRIP11,SMC6,ARHGEF3,NCOA3,IGHA1,CENPH,SIGMAR1,PRMT5,TP53INP1,LPCAT1,TMEM176B,CKAP2L,PHF7,C5orf51,BAG3,YIF1B,ICA1,SKI,GRPEL2,SLAMF6,SPATA5,COQ9,ZMIZ2,SGSH,LYN,PKMYT1,XCL2,HUS1,C2orf69,BRD1,PRMT7,RHOQ,BAG2,GZMK,ZNF268,TUBB2A,RSPH3,MARCKS
V27,CST7,VIM,CORO1A,SRSF7,ARF6,VIM,TCIRG1,TIPARP,PTPN22,PPP1CB,FLT3LG,PRDM1,TIAM1,GYG1,CDT1,MAGEH1,KPNA2,DNAJA4,ABCB1,JCHAIN,PEX3,STARD3NL,NCAPD2,C11orf1,KCNN4,RORA,TNFRSF18,YIPF5,RFTN1,TRADD,YAF2,FBXO34,TRDV1,DESI2,CSF1,CDK17,NCF1,SEC61G,MAGEH1,SESN3,WAS,SIRPG,RBMS1,ACP5,BRD9,HIST1H1D,NUP98,KDM5C,ALDH3A2,MIR155HG,ZC3H12A,MXD4,CENPA,NOLC1,PTP4A3,KDM6B,CRTC2,CD14,HIST2H2AC,EDEM3,SLC25A20,MPZL3,TRG.AS1,CASP9,HLA.DRB5,RFK,CD84,MRPL2,SMURF2,ACYP1,SHQ1,NEIL1,CENPE,UNG,AP3B1,IFITM3,UFSP2,NEK9,GMIP,SEH1L,HCG18,RECQL5,ZNF821,TNFRSF8,HVCN1
V28,PTPRC,LAPTM5,CD3D,DNAJB1,SMC4,KLF6,RIN3,CHD1,YPEL3,SRSF7,FCMR,CD27,SH2D1A,CISH,SMS,NAMPT,CKS1B,MZT2A,SYTL2,Mar-01,CASP8AP2,FES,CDCA2,AAAS,YBX3,SYNE2,HAVCR2,DGKA,TIPARP,CD5,CD84,NDEL1,PLCG2,NSD1,CENPF,MYO1E,RNASE6,BTG2,PPM1G,NCOA7,ARHGAP15,HLA.DRA,IGLC3,APOBEC3G,SLK,ERN1,DUSP5,TRAFD1,NCOA1,TNFSF14,TNFRSF4,PPP3CA,NCAPH2,RNASEH2A,TTLL12,TULP4,MED16,MMP12,BUB1,FANCD2,SHMT1,JCHAIN,MRPS12,TBC1D2B,IL12RB2,KDM5D,CDK5R1,RABGEF1,DDX11,HPS4,BDH1,HIST1H2BN,CLCC1,P2RY11,NAT14,IRAK4,F2R,EXOSC5,NSMAF,SLC29A1,MARK4,YIPF1,ACSL6,NEURL1,PKIG
V29,CORO1A,CD2,DBI,TAGLN2,IDH2,CD44,AOAH,NFKB1,BLOC1S1,CYBA,CAMK4,USP15,FAM107B,FLT3LG,CENPH,ICA1,RACGAP1,TTC39C,LYN,BLK,MKKS,BST2,FAM111A,EBPL,COBLL1,CNOT6L,PRF1,DPP4,INSIG1,ADAM10,SUZ12,SPTY2D1,STAM,SUZ12,MAD2L1,THBS1,JCHAIN,ISG15,GLRX,CHD3,NDUFV1,HNRNPLL,PRR5,CUL9,GTF2I,ARHGEF7,ETV6,HELB,CHD8,LPCAT4,FBLN7,ANKRD28,ASPM,YRDC,ZNF410,YPEL2,SLC37A4,RNASE1,KIF2C,ANKRD36C,HAUS4,MBNL2,TRIM33,BAZ2B,GALC,SOX4,ZC3H6,ZXDC,FAM219B,EHMT2,CCDC92,ZNF275,EBI3,TP53,PKN2,SOCS3,KIAA0232,CHAF1B,SORL1,SLC35F2,TSPYL4,CCDC144A,GALK2,MAP3K14,STAG3
V30,CD3E,ZFP36,TXN,AKAP13,HNRNPF,ZFP36,MCTP2,CCL20,BOD1L1,IGLC3,GIMAP7,GLRX,SLC9A9,RUNX2,MCM4,ZNF292,CDCA8,MDFIC,PLPP1,COBLL1,PARVB,AREG,KIFC1,FPGS,DAPP1,GIMAP4,ACTB,TNFSF13B,DENND4A,TCIRG1,HEBP2,CCNT1,SSH1,GRAMD1A,TIMM8B,BACH1,TCF4,AAK1,RTKN2,ZC3H12D,MAT2B,CASP1,SERINC5,PRDX3,ANKRD28,ATF7IP,ITPKB,CDK13,SPAST,ADA,RELB,ZNF683,TEX30,WDR4,PMM2,EP300,WDR37,CSF3R,REEP4,HIST1H3G,PLK4,DDX3Y,ZBTB8OS,MAGEH1,CHPT1,ATP6V1C1,PASK,TMEM39A,HMBOX1,SDCCAG8,RITA1,HHLA3,ZBTB14,CDIP1,PAG1,OSBPL9,VCAM1,THEM4,ABCA2,PTPRCAP,KCNQ1OT1,PIGB,PIK3R5,PUS7,HLA.DOB
V31,KLF6,CORO1A,TRAC,LEPROTL1,MZT2A,FOS,PTGDR,CDKN1A,GLS,SOCS1,FKBP5,SYNGR2,IL6R,APBB1IP,NOP56,F5,MAD2L1,TXNIP,CAPG,LYN,RBFA,ADGRG3,HIST1H1E,C20orf27,IFNGR2,AMD1,HCST,JAK3,PRDM2,BHLHE40,EPSTI1,NFKB1,RBKS,AUTS2,POLR2J3,MAP2K4,CD83,BIRC3,LYST,RAB21,HMOX2,TYMP,GTF2I,CAPN2,MARK3,EP300,KLF12,CCPG1,ASB8,GZMH,IL21R,KIR2DL4,CDCA4,AIMP2,INTS9,LPP,ZBTB24,LST1,EMC9,HIST1H3C,SMG7,AGPAT5,AEBP2,ZNF682,GALNT2,NCDN,COMMD3,TYK2,HMBS,MASTL,ALG1,CYHR1,MAD2L1,DENND6B,TRMU,FCMR,RAPGEF6,MRPS27,NR2C2,CBWD2,FBXO31,TTC7B,HPS6,WARS2,GNG7
V32,VIM,TRBC2,RAC2,PDCD4,CKS1B,LIMD2,ST3GAL1,SATB1,PTMS,EZR,DNAJB1,LAYN,BTLA,TSEN54,HELLS,MXD4,KIF2C,KCNA3,SLC1A4,AFF3,NMRAL1,FUCA1,HIST2H2AC,GSTZ1,AIM2,EPC1,KLRB1,TRAF1,PPP1R16B,PLEKHF1,GTF2H5,GNA13,ZNF431,LRMP,HAVCR2,ATP8B4,DRAM2,IL2RG,IKZF2,IGHG4,ARHGAP4,PELI1,PRKCA,FOXP3,STAG2,ABLIM1,BRWD1,MAP3K2,THAP6,FASLG,ZBTB32,RAPGEF1,RACGAP1,NANS,CHERP,EGLN1,INTS5,LY96,SPDL1,KIF18A,GTF2IRD2B,NANS,IGKC,HSD17B4,RIN3,TMEM204,RBM43,IKBIP,CHM,PEX6,CD274,SPNS1,NUP35,LAYN,AKT3,AGPAT5,TNFRSF9,NFE2L1,ZNF512,NLE1,ZNF701,ZNF85,PIGA,AP4S1,CYBB
V33,S100A4,CD69,CARD16,ZNF331,CORO1A,CNN2,ARHGAP9,PDE4B,POLR2J3,FAM107B,BRD2,ACP5,TMEM243,CAMK4,NUDT1,ZC3H12D,AURKA,GIMAP5,MATK,TNFRSF17,WDR54,KLRC2,MXD3,GEMIN7,ASB13,LTB,ALOX5AP,PER1,ATP8A1,TMC8,MAF,ARHGEF7,UAP1,CPNE3,DYNC1I2,PLPP1,STX7,HCST,CCND2,PNPLA8,SPSB3,HLA.DRB5,CCR4,UQCRC1,NFKB1,MAP3K4,EIF4G1,ARHGEF6,GPATCH2L,AQP3,VDR,GNLY,CCL3,CDC45,TP53BP2,ATP13A3,TRAP1,PLEK,SPC24,PLK4,PIGN,ARRDC2,C1orf122,TFDP2,ODF3B,TMEM41B,BTLA,TRAPPC6B,EHMT2,RASA4,PUDP,CDK5RAP1,CDKN3,CLIC3,MAML2,ZNF302,BTAF1,GSTZ1,CHST2,MRPL45,UNKL,P2RY8,LINC00239,RASA3,PHACTR1
V34,JUNB,NFKBIA,COX6C,MYADM,PSMA4,PSMB9,FGR,BHLHE40,CCND2,HNRNPH1,PHB2,PHLDA1,DGKA,LTB,GGCT,STAM,KIF22,LCP2,CD101,SWAP70,MCM7,HOPX,CDKN3,FTSJ1,NPDC1,SNHG12,NDUFA13,BCL2,GPR15,FERMT3,CEP85L,MGAT5,TNFRSF9,STAMBP,MCM6,ATP8A1,RALGPS2,STK17A,CD82,DDX3Y,AUP1,NDFIP2,TRIM44,PTTG1,UBALD2,CDC14A,ZNF431,RSRC1,LMBR1L,ADAM19,HBP1,NCK2,KIF11,RRP1,GPHN,TIAM1,SIGMAR1,MS4A6A,FOXM1,CENPT,UEVLD,DPYD,EXOC5,SDCCAG8,CCR5,MFHAS1,AKAP7,TRGC2,ATXN7L2,ZNF562,SUV39H2,THOC1,LINC00539,HPGD,ZCCHC2,KLRC3,CRTAM,ALAS1,ZBP1,FXN,RGL2,TMEM63A,PTBP2,EAF2,BTK
V35,TRBC2,GMFG,LDHA,SQSTM1,PSMB3,ARHGDIB,ADGRG1,LDLRAD4,PIP4K2A,ZNF331,NR4A2,ARID5B,YPEL3,EML4,TK1,SERPINB9,CDCA3,CCDC88C,DAPK2,TNFRSF13B,RNASEH2A,B3GNT7,ARHGAP11A,NTPCR,USP6NL,TAGAP,ARPC1B,GOLGA8B,FOSL2,SYTL1,C19orf25,ORAI1,FASLG,CSTF2T,CARHSP1,SYNGR1,FCMR,NDUFA3,ZNRF1,VPS13C,TMC8,TNFRSF18,SETX,SASH3,PTMS,ADAM19,CCDC6,ATAD2B,PDE7A,ARHGAP18,CNST,CWF19L2,E2F1,NQO2,ZGPAT,ADAT2,ALAD,IGSF6,KIF11,MELK,KDM6A,MAP3K4,TIMM8B,CCNG2,HSH2D,KAT2B,CNPY2,GPANK1,C11orf54,RNF214,PIGK,PDK1,KMT5A,IMMP1L,CTLA4,MYO1E,MEF2A,POLR3D,PRRC1,CDK7,QPCT,ZFPM1,LINC00528,DUS4L,LYL1
V36,EVL,SAT1,GNG5,DAZAP2,IFI16,ARHGEF1,ATP8B4,PIM3,SSBP4,ATP1B3,AHNAK,PELI1,TLK1,MBNL1,DNMT1,SOX4,CEP55,SEMA4D,SLC16A3,RRBP1,DTYMK,CCDC69,CDK1,NDC1,CTSH,LBH,IL32,TNIP1,PIM3,RGS19,NCK2,MALT1,KANSL2,TCHP,RNPEPL1,PLCG2,TNFRSF13B,KLF2,GALM,PRKDC,ARRB2,FAS,EGR1,NDFIP2,ARID1B,RASA2,CXCR5,REEP3,WDR26,PNP,GADD45A,GABPB1.AS1,KIF2C,IL1R2,BCKDHA,PTP4A3,BNIP3,IL1RN,SPAG5,RNASEH2A,GGT1,SESN3,MYO1F,DBR1,KIF3A,PKIA,VPS33A,ESF1,NAT9,NHLRC3,GINS2,POU2AF1,BRCA1,CYB5A,RBM33,ABHD18,INCENP,SYMPK,VPS50,BDH1,LAX1,SC5D,SNN,LXN,SYK
V37,JUN,RGS1,TYMP,BRD2,NDUFA13,LCP2,ITGB1,JMJD6,FAM3C,CXCR4,TBRG1,GK,ELMO1,FKBP5,CCT5,PIM2,UBE2S,ABHD3,GZMB,CLIC4,PLGRKT,PRMT9,KIF2C,RNASEH2A,P2RX5,TECR,KLRC1,SPTAN1,KPNA2,MIS18BP1,CBX4,PNPLA8,CHD7,STXBP2,CENPK,SH2D1B,LYL1,CDC42SE2,PMAIP1,CNST,MGAT4A,NUDT5,MYO9B,ILK,MIB1,PRKCQ,PNPLA2,TOP2B,MED13L,RGL4,ZC3H12D,C1orf56,WDR76,PCK2,KRI1,CREB3L2,UBALD1,BASP1,CCNB1,LIG1,HACD1,PLAC8,ACAT2,EXOC5,CD8B,HMGCR,CREB3L2,CHAMP1,CANT1,VRK1,SLC22A18,ADAM28,TPX2,FASLG,HIST1H1B,ALDH16A1,RNF38,SRFBP1,SEC16A,KCNN4,SCAP,FTO,ZNF48,ZBTB32,CD72
V38,CLIC1,LDHB,BST2,CD44,ARL6IP4,TAGAP,KRT86,AMD1,HAVCR2,DDX21,DDIT4,SELPLG,ADD3,ADAM19,TOMM40,VDR,KIFC1,SCML4,GALNT2,CD79B,RDX,PTPN6,PRC1,GPX7,KLF2,RGCC,POLR2J3,SESN1,NFE2L2,CISH,RASGRP1,SESN1,USP53,CHD6,TSPAN5,INSIG1,POU2AF1,CREM,CD79B,GPRIN3,ANXA6,BTG3,BOD1L1,LYST,RBM26,BAG3,MAPRE2,CLSTN1,TRIM33,GRAP2,IPCEF1,PLEKHO1,LIG1,STX11,SLC25A13,CREBRF,ACY1,FCGRT,KIF23,ORC6,C11orf54,MGAT5,CBX5,IARS,SLC1A4,TMED8,NSMCE2,CHPF,GABPA,ACSL1,TRUB2,POFUT2,RRP1,MATK,STIL,LAS1L,TNFSF4,ADPRHL2,FEM1A,DPH2,HERC3,MORN2,LYRM9,MED20,SH2B2
V39,FOS,CD7,VAMP8,PRRC2C,LDHB,PARP8,MPG,ZNF331,CEBPB,ZFAS1,LCP1,SKAP1,IPCEF1,CCDC107,IFRD2,POU2F2,TUBA1C,TC2N,PLCG2,CTSH,PFDN6,CD164,BIRC5,COX16,STAG3,PIK3R1,COTL1,RGS14,AOAH,DCAF7,EP300,GOLGA8B,SMIM10L1,UBE2Q2,YWHAH,ASB2,CTSH,PIK3IP1,PIM3,CENPC,AHNAK,PMAIP1,DIAPH1,SRA1,KMT2A,B4GALT1,ANKHD1,PDXDC1,AHCTF1,ARL3,MAP1LC3A,MIAT,TPX2,STT3A,RMDN3,UGCG,PIGS,GSN,CDCA3,TNF,NIF3L1,KLF10,GPATCH2L,CD200,TESC,GGT1,TBC1D2B,UBR3,C9orf85,LTBP4,LDAH,PKIG,FIGNL1,TCEAL8,MSC,BRD8,CDK16,PTRH1,AIM2,SLC25A33,NAT9,LY96,ZBTB45,ZBED4,HHEX
V40,GZMB,CD37,IFI27L2,PTPRC,HNRNPK,LCK,CCND3,GPR65,MDM4,RBM39,CD5,GBP2,MSI2,ERN1,HMGA1,ATP13A3,STMN1,TAGAP,FAM3C,PLCG2,IL1R2,CCND2,FANCI,ALG3,NXPE3,SMCHD1,PRELID1,ABLIM1,HIST1H1E,PAG1,S100PBP,NUP98,CD83,IL10RB,EPSTI1,CHN2,PRKCB,CRIP1,STAM,OTULIN,SYNGR2,CXCR3,JARID2,PELI1,IER5,HEBP2,ATP8A1,UBN1,MFSD6,CCR6,PIM2,ZNF791,NCAPG,NPM3,METTL6,KAT6B,TKFC,IFITM3,CDCA2,NRM,PXN,TESPA1,ACSL4,CHI3L2,CEBPD,WDR44,TMEM238,C2CD3,RASSF7,CD79A,C9orf85,GM2A,AKIP1,ATP8B4,ZCCHC3,TMEM68,PNPLA8,FBXO45,ZNF831,IL2RA,ATG16L1,MAN2A2,CPPED1,TBL2,NEIL1
V41,TXNIP,TNFAIP3,HMGN1,GNG2,VIM,LSP1,MBP,MGAT4A,SOCS1,AAK1,LIMD2,FAS,ARAP2,IL26,TUBA1C,HTATIP2,CENPW,SERINC5,CTSW,SEL1L3,ALG3,GPR82,BUB1B,PCK2,ZNF581,TUBA1A,TRBC2,TGFBR2,NDEL1,CCR6,WDR26,CD83,RRBP1,ETFDH,AKAP5,RAB22A,GNG7,PPP1R2,SERPINB9,SEMA4D,GIMAP4,APOBEC3G,PURA,NEDD9,CTSH,LEMD3,SMARCC2,KAT6A,IFT20,HOPX,DUSP10,CREBRF,RFC3,C20orf27,PDCD11,MAP3K1,RABEP2,MS4A7,SAPCD2,BRCA1,DSN1,KDSR,XAF1,SMCO4,FASLG,CDKN2A,GPR155,FCHSD1,TBC1D14,KCNK6,SPATA20,CPNE5,TJP2,AGR2,ACSL4,CCDC174,ZNFX1,AIFM1,DTHD1,ATAD3B,THEMIS2,SEC31B,SPATA2L,LGMN,CD40
V42,ALOX5AP,CYTIP,PGK1,RBM39,OAZ1,CORO1A,ZBTB16,NAMPT,PTPRA,ZFP36L2,MBNL1,HTATIP2,LRMP,CD5,MRPL13,PRDM2,KIF20B,ID3,CHPT1,PDLIM1,INO80C,XCL2,CDC20,RNPEP,DEF8,CSRNP1,TMIGD2,PRNP,MALT1,PTPN6,PLEKHO1,RARA,SH2D1B,CKAP2,CNPY2,CCRL2,SWAP70,CCNL1,TXNDC17,HELZ,HIST1H4C,HLA.DQA1,REST,BCL2L1,HDGF,INSIG1,ELMO1,ZFR,RTKN2,CAMK4,SATB1,NFIL3,CENPF,ADAM15,MAN2B1,CASK,DTD2,CYBB,CD84,FANCI,ICAM2,PRKCA,DNAJA4,USP37,KLRD1,ZNF282,ITPKB,ANKIB1,BBS7,MBIP,MEGF9,QPCT,CENPW,GFOD1,CDC7,TMBIM1,SEC23B,CPPED1,APH1B,DNA2,SYNJ1,MYL5,RCE1,NUDCD1,COBLL1
V43,CD8A,NEAT1,ARF6,EPC1,RAC2,HLA.F,IFITM1,ZFAND5,TMIGD2,NEAT1,EML4,SQSTM1,THADA,IL23R,DTYMK,JUND,TACC3,IL2RG,IRF4,PKIG,LY75,FGR,CKAP2,PSMG4,CLECL1,STAT4,SH3BGRL3,SF3A1,PFKFB3,SAMHD1,CPSF2,ICAM2,KDM3A,PHYH,LMNB1,ZBTB1,IGHA1,STK4,APOBEC3G,SESN1,RCSD1,SCAMP2,KLF13,MVP,VPS4B,CDK12,SESN3,PHF8,MAVS,F2R,AC017002.1,AGO2,CDC45,MCFD2,KNSTRN,TRIB1,ARHGAP17,NCF2,CXCL13,BLM,FBLN7,MAL,MYSM1,RNF14,A1BG,DPP4,NOC3L,CADM1,WDTC1,SEC23IP,LMF1,MED26,POLR3H,BID,MYO7A,UMAD1,CCDC6,EXOSC2,MARK4,HEATR1,DUSP18,DNAJA4,SLC25A51,NARS2,CLIC4
V44,CD2,RAC2,SEC61G,NR3C1,CLIC1,LDHB,SPON2,GPR183,CEBPD,TRAC,PARP8,NAMPT,TGOLN2,TGFBR2,LYAR,GK,KNSTRN,CAMK4,NKG7,LY86,PXK,SERPINB6,NCAPH,TMEM97,PPP1R16A,ITGA4,CTSW,NUP98,CDKN1A,STARD3,GPR155,ICOS,TMEM168,CD84,PHF19,ZNF410,SPIB,FYN,CASP1,BIRC6,CCR7,MAST4,THEMIS,FAM104A,RIF1,CLINT1,SMCO4,FIP1L1,ARHGAP5,NMRK1,IRF4,TNRC6A,DLGAP5,ELAC2,EPAS1,NCK2,ZNF282,SOD2,G2E3,CIT,HIST1H3B,SC5D,RUNX1,ALG5,EXOSC9,CASP7,CSAD,OASL,RANBP6,DPH1,MYBBP1A,TSPAN13,UHRF1,SNX10,MGAT4A,MLLT3,UBASH3A,SLC25A40,RBM27,UTP4,ASTE1,PDP1,COL6A3,PI4K2B,RASGRP3
V45,KLRD1,COX6C,TRBC2,STK17B,ARPC4,HCLS1,ZAP70,PRNP,TRIM56,ELF1,GADD45B,CST7,CD200,BHLHE40,SNRPA1,RASGRP1,PIF1,URI1,ATP8A1,PHACTR1,YIF1B,XCL1,CCNB1,AP1B1,ST6GAL1,IL10RA,KIR2DL4,HIF1A,P2RY10,GBP5,PTPRA,CCR7,GPR15,MXD4,KIF20B,RBM38,SELL,ARL6IP4,SYNGR2,MAP3K2,ITGA4,PHLDA1,KDSR,SCAMP2,HECA,MBP,TNIK,BAZ2B,GTPBP6,NCR3,IL6ST,GFOD1,NDC80,C12orf45,MDN1,CNST,MRRF,MAFB,BORA,NCAPG2,TRAPPC5,PKN2,PKN1,NR2C1,RBM18,ATP13A3,CD79B,CTNNA1,C18orf21,ITGB3BP,ABCD1,IGHM,HIST1H2AI,NHLRC3,TNFRSF9,GSK3B,ITPR2,PM20D2,TSC22D2,ATAD3A,TMEM102,SNTB1,RTP4,EIF3C,MS4A7
V46,PNRC1,COX7A2,LGALS3,ZFP36,NAA38,TNFAIP3,SLC16A3,NFE2L2,TTC14,LEPROTL1,EIF3L,SH2D2A,AKAP13,ATP2B4,POLR3K,FRMD4B,CKAP2L,MBP,ASXL2,IGHA1,ABHD16A,GSTP1,TACC3,ACAT1,ANKZF1,SLC38A1,HMGN1,CCR7,PLEKHB2,GRAP2,DYNC1I2,TRAF4,DESI2,ATP11B,TRIM56,PELI1,CD40,ACAP1,SEC14L1,UBR5,TNFSF8,IKZF2,TERF1,CDK6,FAM120A,PARP4,PRRC2B,TXK,MSH3,MAPKAPK3,STX11,MIDN,CDKN3,WDR77,CLN3,TBC1D8,ALAS1,FCGR3A,CCL3,HIST1H2BH,ZC2HC1A,ANKRD36B,TDP2,CRTAM,GNLY,TAF1B,SHPRH,TYW3,SLC39A4,METTL2B,NEMP2,ZNF165,IFT88,PRNP,KIF21A,ELMO1,ZFC3H1,BATF3,VRK2,MLST8,METTL6,PIGN,GM2A,DBT,TNFRSF17
V47,CALM2,PNRC1,HLA.DPA1,RGCC,SEC61G,FOSB,BIN2,TGFB1,GABPB1.AS1,IER2,PTGER4,PHTF2,DNAJB14,IL17A,BOLA3,RAB11FIP1,CKS2,GBP5,RIN3,EAF2,MPDU1,ITGB7,SHCBP1,NPDC1,HLA.DOB,HIST1H4C,FTL,ICOS,RALGAPA1,APEX1,COMMD3,PHTF2,DENND4C,FKBP3,TRDC,DGKD,LYN,TUBA1B,TNIP2,IGHG3,LCP2,SELPLG,ARAP2,PSMC4,SETX,SPTY2D1,FBXO34,XPO1,DICER1,SRGAP3,HDAC7,KLRC1,CDCA8,DDX11,MEMO1,HS3ST3B1,C20orf27,CXCL16,PRC1,PCNT,CSTF2,ADSL,CCNG2,PREPL,VPS41,DLG1,ORC3,PRPS2,LRIG1,TRIM41,CC2D1A,IRF9,BRPF1,SRGAP3,DPP8,GTDC1,HIST1H2AG,GRWD1,LMO7,LANCL1,FCHSD2,WDR25,SLC37A3,IL23R,CPNE5
V48,IFITM2,ANAPC16,HNRNPK,PER1,CYBA,CYTIP,SLC9A3R1,DDX21,HNRNPH1,CALM2,RAC2,PBXIP1,IQGAP1,LPXN,EXOSC5,SEC14L1,CDKN2D,CHCHD10,IL21R,STX7,DPP3,CD160,ESCO2,UTP14A,GM2A,SMAP2,ANKRD28,DOCK10,SLC25A32,BATF,GPR174,SOD2,ATP8B4,HADHB,SRGAP3,HIST1H1E,MDM4,ARPC1B,TFRC,PHF3,SIGIRR,PHTF2,MXD4,NUDT5,AP2B1,C1GALT1,SLC25A36,DCAF7,HDAC7,MBP,CUL9,ST3GAL5,FOXM1,ACOT13,GTF3C2,UBASH3B,RNASEH2A,TMEM176A,PLK1,POLH,HARS2,NDRG1,COX19,IREB2,PMEPA1,ZNRF1,ZNF609,NCOR2,ZNF79,ACSF3,APOBR,TEP1,CARD17,CHD9,RNF38,MED15,YLPM1,CDC6,LIG3,DUS3L,SERPINH1,PPME1,PITRM1,GPD1L,HLA.DOA
V49,SRSF7,DNAJB1,RGS1,KMT2E,PRELID1,DDX5,TTC38,PPP1CB,TRG.AS1,PRRC2C,INPP4B,PAK2,TP53INP1,PLEKHF1,COPS3,CD27,KIF23,GRAMD1A,ITGB7,ORAI2,IFNGR2,TGFB1,BUB1,ELMO1,CD83,ZC3HAV1,EVL,TIMP1,NFKB2,ERN1,IER5,GNA15,SLAMF7,ZNF106,ZNF683,DUSP5,CYBB,POMP,AC133644.2,AHI1,SIT1,SASH3,ANK3,LIMA1,TOP2B,XRN1,RLF,ACSL4,CBX5,CLIC3,F5,TSHZ2,CKAP2L,UTP4,CCDC58,MAGEH1,JMJD8,FCGR3B,HMGB3,CDK16,SUFU,SLC7A6,ZNRF1,LINC00649,SPRY1,MCAM,TRAPPC2,NCK2,TBL1X,GTF2H2C,OAS3,PPP1R3E,ENDOD1,NBL1,EPC2,SLC10A3,POLD4,CSTF2,LAX1,PSAT1,FBXO32,FCHSD2,B3GAT1,OPN3,BIK
V50,RAC2,CALM2,ARPC5,FUS,PGK1,BRD2,NCR3,RGS2,C1orf56,FUS,ARHGAP15,ITGA4,GIMAP7,STK17A,CENPM,CLEC7A,PRC1,HNRNPL,CCDC69,CCDC88A,TAF2,GYG1,UBE2C,OGFOD1,MFSD12,CD27,ZFP36L2,PBXIP1,PNPLA8,FDFT1,KLC1,MBNL2,DUSP10,RBM22,XIST,FBXO33,PKIG,EVI2B,FAS,NIPBL,EWSR1,FAM104A,AKAP17A,GNA15,DDX52,SETD2,ZBTB10,Mar-09,RSRC1,SCML4,PFKFB3,INTS6,FANCI,SFXN4,NFE2L3,EBI3,NECAB3,CCL3,NCAPH,APC,CHEK2,ABCC1,FAM120A,MARS,CD151,HIF1AN,SH2D3C,MAVS,TRIB1,CDKL2,NFKBIL1,MS4A1,HMMR,TRGC2,NRDE2,STK16,NCOA2,ALG3,MLLT1,SFXN4,PI4KA,ASRGL1,TIAM1,CXorf21,MOB3B
